title,product_type,price_excl_tax,price_incl_tax,tax,availability,number_of_reviews
The Black Maria,Books,£52.15,£52.15,£0.00,In stock (19 available),0
Tipping the Velvet,Books,£53.74,£53.74,£0.00,In stock (20 available),0
A Light in the Attic,Books,£51.77,£51.77,£0.00,In stock (22 available),0
Soumission,Books,£50.10,£50.10,£0.00,In stock (20 available),0
Sharp Objects,Books,£47.82,£47.82,£0.00,In stock (20 available),0
The Requiem Red,Books,£22.65,£22.65,£0.00,In stock (19 available),0
Sapiens: A Brief History of Humankind,Books,£54.23,£54.23,£0.00,In stock (20 available),0
The Dirty Little Secrets of Getting Your Dream Job,Books,£33.34,£33.34,£0.00,In stock (19 available),0
The Boys in the Boat: Nine Americans and Their Epic Quest for Gold at the 1936 Berlin Olympics,Books,£22.60,£22.60,£0.00,In stock (19 available),0
"The Coming Woman: A Novel Based on the Life of the Infamous Feminist, Victoria Woodhull",Books,£17.93,£17.93,£0.00,In stock (19 available),0
Libertarianism for Beginners,Books,£51.33,£51.33,£0.00,In stock (19 available),0
Mesaerion: The Best Science Fiction Stories 1800-1849,Books,£37.59,£37.59,£0.00,In stock (19 available),0
"Our Band Could Be Your Life: Scenes from the American Indie Underground, 1981-1991",Books,£57.25,£57.25,£0.00,In stock (19 available),0
Olio,Books,£23.88,£23.88,£0.00,In stock (19 available),0
Scott Pilgrim's Precious Little Life (Scott Pilgrim #1),Books,£52.29,£52.29,£0.00,In stock (19 available),0
Rip it Up and Start Again,Books,£35.02,£35.02,£0.00,In stock (19 available),0
Set Me Free,Books,£17.46,£17.46,£0.00,In stock (19 available),0
It's Only the Himalayas,Books,£45.17,£45.17,£0.00,In stock (19 available),0
The Four Agreements: A Practical Guide to Personal Freedom,Books,£17.66,£17.66,£0.00,In stock (18 available),0
Shakespeare's Sonnets,Books,£20.66,£20.66,£0.00,In stock (19 available),0
"Starving Hearts (Triangular Trade Trilogy, #1)",Books,£13.99,£13.99,£0.00,In stock (19 available),0
The Elephant Tree,Books,£23.82,£23.82,£0.00,In stock (18 available),0
The Five Love Languages: How to Express Heartfelt Commitment to Your Mate,Books,£31.05,£31.05,£0.00,In stock (18 available),0
Wall and Piece,Books,£44.18,£44.18,£0.00,In stock (18 available),0
Worlds Elsewhere: Journeys Around Shakespeare’s Globe,Books,£40.30,£40.30,£0.00,In stock (18 available),0
Aladdin and His Wonderful Lamp,Books,£53.13,£53.13,£0.00,In stock (19 available),0
You can't bury them all: Poems,Books,£33.63,£33.63,£0.00,In stock (17 available),0
"In a Dark, Dark Wood",Books,£19.63,£19.63,£0.00,In stock (18 available),0
Behind Closed Doors,Books,£52.22,£52.22,£0.00,In stock (18 available),0
Maude (1883-1993):She Grew Up with the country,Books,£18.02,£18.02,£0.00,In stock (18 available),0
Penny Maybe,Books,£33.29,£33.29,£0.00,In stock (18 available),0
Sophie's World,Books,£15.94,£15.94,£0.00,In stock (18 available),0
The Bear and the Piano,Books,£36.89,£36.89,£0.00,In stock (18 available),0
Birdsong: A Story in Pictures,Books,£54.64,£54.64,£0.00,In stock (19 available),0
America's Cradle of Quarterbacks: Western Pennsylvania's Football Factory from Johnny Unitas to Joe Montana,Books,£22.50,£22.50,£0.00,In stock (19 available),0
In Her Wake,Books,£12.84,£12.84,£0.00,In stock (19 available),0
Chase Me (Paris Nights #2),Books,£25.27,£25.27,£0.00,In stock (19 available),0
Black Dust,Books,£34.53,£34.53,£0.00,In stock (19 available),0
How Music Works,Books,£37.32,£37.32,£0.00,In stock (19 available),0
"Foolproof Preserving: A Guide to Small Batch Jams, Jellies, Pickles, Condiments, and More: A Foolproof Guide to Making Small Batch Jams, Jellies, Pickles, Condiments, and More",Books,£30.52,£30.52,£0.00,In stock (19 available),0
The Past Never Ends,Books,£56.50,£56.50,£0.00,In stock (16 available),0
The Natural History of Us (The Fine Art of Pretending #2),Books,£45.22,£45.22,£0.00,In stock (16 available),0
"The Pioneer Woman Cooks: Dinnertime: Comfort Classics, Freezer Food, 16-Minute Meals, and Other Delicious Ways to Solve Supper!",Books,£56.41,£56.41,£0.00,In stock (16 available),0
Thirst,Books,£17.27,£17.27,£0.00,In stock (16 available),0
The Secret of Dreadwillow Carse,Books,£56.13,£56.13,£0.00,In stock (16 available),0
This One Summer,Books,£19.49,£19.49,£0.00,In stock (16 available),0
The Torch Is Passed: A Harding Family Story,Books,£19.09,£19.09,£0.00,In stock (16 available),0
Throwing Rocks at the Google Bus: How Growth Became the Enemy of Prosperity,Books,£31.12,£31.12,£0.00,In stock (16 available),0
Unicorn Tracks,Books,£18.78,£18.78,£0.00,In stock (16 available),0
Tsubasa: WoRLD CHRoNiCLE 2 (Tsubasa WoRLD CHRoNiCLE #2),Books,£16.28,£16.28,£0.00,In stock (16 available),0
"Unbound: How Eight Technologies Made Us Human, Transformed Society, and Brought Our World to the Brink",Books,£25.52,£25.52,£0.00,In stock (16 available),0
"Unseen City: The Majesty of Pigeons, the Discreet Charm of Snails & Other Wonders of the Urban Wilderness",Books,£44.18,£44.18,£0.00,In stock (16 available),0
Untitled Collection: Sabbath Poems 2014,Books,£14.27,£14.27,£0.00,In stock (16 available),0
When We Collided,Books,£31.77,£31.77,£0.00,In stock (16 available),0
"We Love You, Charlie Freeman",Books,£50.27,£50.27,£0.00,In stock (16 available),0
Without Borders (Wanderlove #1),Books,£45.07,£45.07,£0.00,In stock (16 available),0
#HigherSelfie: Wake Up Your Life. Free Your Soul. Find Your Tribe.,Books,£23.11,£23.11,£0.00,In stock (17 available),0
Private Paris (Private #10),Books,£47.61,£47.61,£0.00,In stock (17 available),0
Slow States of Collapse: Poems,Books,£57.31,£57.31,£0.00,In stock (17 available),0
Reasons to Stay Alive,Books,£26.41,£26.41,£0.00,In stock (17 available),0
Reskilling America: Learning to Labor in the Twenty-First Century,Books,£19.83,£19.83,£0.00,In stock (16 available),0
"Saga, Volume 5 (Saga (Collected Editions) #5)",Books,£51.04,£51.04,£0.00,In stock (16 available),0
"Saga, Volume 6 (Saga (Collected Editions) #6)",Books,£25.02,£25.02,£0.00,In stock (16 available),0
"Rat Queens, Vol. 3: Demons (Rat Queens (Collected Editions) #11-15)",Books,£50.40,£50.40,£0.00,In stock (16 available),0
Soul Reader,Books,£39.58,£39.58,£0.00,In stock (16 available),0
Security,Books,£39.25,£39.25,£0.00,In stock (16 available),0
Spark Joy: An Illustrated Master Class on the Art of Organizing and Tidying Up,Books,£41.83,£41.83,£0.00,In stock (16 available),0
The Activist's Tao Te Ching: Ancient Advice for a Modern Revolution,Books,£32.24,£32.24,£0.00,In stock (16 available),0
The Art Forger,Books,£40.76,£40.76,£0.00,In stock (16 available),0
The Age of Genius: The Seventeenth Century and the Birth of the Modern Mind,Books,£19.73,£19.73,£0.00,In stock (16 available),0
"The Bulletproof Diet: Lose up to a Pound a Day, Reclaim Energy and Focus, Upgrade Your Life",Books,£49.05,£49.05,£0.00,In stock (16 available),0
The Death of Humanity: and the Case for Life,Books,£58.11,£58.11,£0.00,In stock (16 available),0
The Electric Pencil: Drawings from Inside State Hospital No. 3,Books,£56.06,£56.06,£0.00,In stock (16 available),0
The Gutsy Girl: Escapades for Your Life of Epic Adventure,Books,£37.13,£37.13,£0.00,In stock (16 available),0
"The Inefficiency Assassin: Time Management Tactics for Working Smarter, Not Longer",Books,£20.59,£20.59,£0.00,In stock (16 available),0
The Life-Changing Magic of Tidying Up: The Japanese Art of Decluttering and Organizing,Books,£16.77,£16.77,£0.00,In stock (16 available),0
The Most Perfect Thing: Inside (and Outside) a Bird's Egg,Books,£42.96,£42.96,£0.00,In stock (16 available),0
"The Mindfulness and Acceptance Workbook for Anxiety: A Guide to Breaking Free from Anxiety, Phobias, and Worry Using Acceptance and Commitment Therapy",Books,£23.89,£23.89,£0.00,In stock (16 available),0
The Murder That Never Was (Forensic Instincts #5),Books,£54.11,£54.11,£0.00,In stock (16 available),0
The Nameless City (The Nameless City #1),Books,£38.16,£38.16,£0.00,In stock (16 available),0
On a Midnight Clear,Books,£14.07,£14.07,£0.00,In stock (16 available),0
Online Marketing for Busy Authors: A Step-By-Step Guide,Books,£46.35,£46.35,£0.00,In stock (16 available),0
orange: The Complete Collection 1 (orange: The Complete Collection #1),Books,£48.41,£48.41,£0.00,In stock (16 available),0
"Outcast, Vol. 1: A Darkness Surrounds Him (Outcast #1)",Books,£15.44,£15.44,£0.00,In stock (16 available),0
Patience,Books,£10.16,£10.16,£0.00,In stock (16 available),0
In the Country We Love: My Family Divided,Books,£22.00,£22.00,£0.00,In stock (16 available),0
Join,Books,£35.67,£35.67,£0.00,In stock (16 available),0
Judo: Seven Steps to Black Belt (an Introductory Guide for Beginners),Books,£53.90,£53.90,£0.00,In stock (16 available),0
"Layered: Baking, Building, and Styling Spectacular Cakes",Books,£40.11,£40.11,£0.00,In stock (16 available),0
Lumberjanes Vol. 3: A Terrible Plan (Lumberjanes #9-12),Books,£19.92,£19.92,£0.00,In stock (16 available),0
"Lumberjanes, Vol. 1: Beware the Kitten Holy (Lumberjanes #1-4)",Books,£45.61,£45.61,£0.00,In stock (16 available),0
"Lumberjanes, Vol. 2: Friendship to the Max (Lumberjanes #5-8)",Books,£46.91,£46.91,£0.00,In stock (16 available),0
"Mama Tried: Traditional Italian Cooking for the Screwed, Crude, Vegan, and Tattooed",Books,£14.02,£14.02,£0.00,In stock (16 available),0
Masks and Shadows,Books,£56.40,£56.40,£0.00,In stock (16 available),0
Obsidian (Lux #1),Books,£14.86,£14.86,£0.00,In stock (16 available),0
"Political Suicide: Missteps, Peccadilloes, Bad Calls, Backroom Hijinx, Sordid Pasts, Rotten Breaks, and Just Plain Dumb Mistakes in the Annals of American Politics",Books,£36.28,£36.28,£0.00,In stock (16 available),0
Princess Between Worlds (Wide-Awake Princess #5),Books,£13.34,£13.34,£0.00,In stock (16 available),0
"Pop Gun War, Volume 1: Gift",Books,£18.97,£18.97,£0.00,In stock (16 available),0
"Princess Jellyfish 2-in-1 Omnibus, Vol. 01 (Princess Jellyfish 2-in-1 Omnibus #1)",Books,£13.61,£13.61,£0.00,In stock (16 available),0
My Paris Kitchen: Recipes and Stories,Books,£33.37,£33.37,£0.00,In stock (16 available),0
"Avatar: The Last Airbender: Smoke and Shadow, Part 3 (Smoke and Shadow #3)",Books,£28.09,£28.09,£0.00,In stock (16 available),0
"Bitch Planet, Vol. 1: Extraordinary Machine (Bitch Planet (Collected Editions))",Books,£37.92,£37.92,£0.00,In stock (16 available),0
Burning,Books,£28.81,£28.81,£0.00,In stock (16 available),0
Bossypants,Books,£49.46,£49.46,£0.00,In stock (16 available),0
Call the Nurse: True Stories of a Country Nurse on a Scottish Isle,Books,£29.14,£29.14,£0.00,In stock (16 available),0
Camp Midnight,Books,£17.08,£17.08,£0.00,In stock (16 available),0
"Codename Baboushka, Volume 1: The Conclave of Death",Books,£36.72,£36.72,£0.00,In stock (16 available),0
Crown of Midnight (Throne of Glass #2),Books,£43.29,£43.29,£0.00,In stock (16 available),0
"Don't Be a Jerk: And Other Practical Advice from Dogen, Japan's Greatest Zen Master",Books,£37.97,£37.97,£0.00,In stock (16 available),0
Danganronpa Volume 1,Books,£51.99,£51.99,£0.00,In stock (16 available),0
Fifty Shades Darker (Fifty Shades #2),Books,£21.96,£21.96,£0.00,In stock (16 available),0
First and First (Five Boroughs #3),Books,£15.97,£15.97,£0.00,In stock (16 available),0
Everydata: The Misinformation Hidden in the Little Data You Consume Every Day,Books,£54.35,£54.35,£0.00,In stock (16 available),0
Forever and Forever: The Courtship of Henry Longfellow and Fanny Appleton,Books,£29.69,£29.69,£0.00,In stock (16 available),0
Her Backup Boyfriend (The Sorensen Family #1),Books,£33.97,£33.97,£0.00,In stock (16 available),0
"Giant Days, Vol. 2 (Giant Days #5-8)",Books,£22.11,£22.11,£0.00,In stock (16 available),0
How to Be Miserable: 40 Strategies You Already Use,Books,£46.03,£46.03,£0.00,In stock (16 available),0
I am a Hero Omnibus Volume 1,Books,£54.63,£54.63,£0.00,In stock (16 available),0
The Stranger,Books,£17.44,£17.44,£0.00,In stock (15 available),0
The Third Wave: An Entrepreneur’s Vision of the Future,Books,£12.61,£12.61,£0.00,In stock (15 available),0
The Vacationers,Books,£42.15,£42.15,£0.00,In stock (15 available),0
The Wedding Dress,Books,£24.12,£24.12,£0.00,In stock (15 available),0
The White Cat and the Monk: A Retelling of the Poem “Pangur Bán”,Books,£58.08,£58.08,£0.00,In stock (15 available),0
Thirteen Reasons Why,Books,£52.72,£52.72,£0.00,In stock (15 available),0
Thomas Jefferson and the Tripoli Pirates: The Forgotten War That Changed American History,Books,£59.64,£59.64,£0.00,In stock (15 available),0
Tracing Numbers on a Train,Books,£41.60,£41.60,£0.00,In stock (15 available),0
Throne of Glass (Throne of Glass #1),Books,£35.07,£35.07,£0.00,In stock (15 available),0
"William Shakespeare's Star Wars: Verily, A New Hope (William Shakespeare's Star Wars #4)",Books,£43.30,£43.30,£0.00,In stock (15 available),0
Tuesday Nights in 1980,Books,£21.04,£21.04,£0.00,In stock (15 available),0
You Are What You Love: The Spiritual Power of Habit,Books,£21.87,£21.87,£0.00,In stock (15 available),0
(Un)Qualified: How God Uses Broken People to Do Big Things,Books,£54.00,£54.00,£0.00,In stock (16 available),0
A Court of Thorns and Roses (A Court of Thorns and Roses #1),Books,£52.37,£52.37,£0.00,In stock (16 available),0
A Fierce and Subtle Poison,Books,£28.13,£28.13,£0.00,In stock (16 available),0
A Murder in Time,Books,£16.64,£16.64,£0.00,In stock (16 available),0
A Flight of Arrows (The Pathfinders #2),Books,£55.53,£55.53,£0.00,In stock (16 available),0
"A Piece of Sky, a Grain of Rice: A Memoir in Four Meditations",Books,£56.76,£56.76,£0.00,In stock (16 available),0
A World of Flavor: Your Gluten Free Passport,Books,£42.95,£42.95,£0.00,In stock (16 available),0
"I Hate Fairyland, Vol. 1: Madly Ever After (I Hate Fairyland (Compilations) #1-5)",Books,£29.17,£29.17,£0.00,In stock (16 available),0
Algorithms to Live By: The Computer Science of Human Decisions,Books,£30.81,£30.81,£0.00,In stock (16 available),0
The Cookies & Cups Cookbook: 125+ sweet & savory recipes reminding you to Always Eat Dessert First,Books,£41.25,£41.25,£0.00,In stock (15 available),0
The Emerald Mystery,Books,£23.15,£23.15,£0.00,In stock (15 available),0
The Genius of Birds,Books,£17.24,£17.24,£0.00,In stock (15 available),0
The Girl on the Train,Books,£55.02,£55.02,£0.00,In stock (15 available),0
The Glittering Court (The Glittering Court #1),Books,£44.28,£44.28,£0.00,In stock (15 available),0
The House by the Lake,Books,£36.95,£36.95,£0.00,In stock (15 available),0
The Kite Runner,Books,£41.82,£41.82,£0.00,In stock (15 available),0
The Long Shadow of Small Ghosts: Murder and Memory in an American City,Books,£10.97,£10.97,£0.00,In stock (15 available),0
The Love and Lemons Cookbook: An Apple-to-Zucchini Celebration of Impromptu Cooking,Books,£37.60,£37.60,£0.00,In stock (15 available),0
The Matchmaker's Playbook (Wingmen Inc. #1),Books,£55.85,£55.85,£0.00,In stock (15 available),0
The Mistake (Off-Campus #2),Books,£43.29,£43.29,£0.00,In stock (15 available),0
The Murder of Roger Ackroyd (Hercule Poirot #4),Books,£44.10,£44.10,£0.00,In stock (15 available),0
The Nerdy Nummies Cookbook: Sweet Treats for the Geek in All of Us,Books,£37.34,£37.34,£0.00,In stock (15 available),0
The Omnivore's Dilemma: A Natural History of Four Meals,Books,£38.21,£38.21,£0.00,In stock (15 available),0
The Power of Now: A Guide to Spiritual Enlightenment,Books,£43.54,£43.54,£0.00,In stock (15 available),0
The Psychopath Test: A Journey Through the Madness Industry,Books,£36.00,£36.00,£0.00,In stock (15 available),0
The Project,Books,£10.65,£10.65,£0.00,In stock (15 available),0
The Secret (The Secret #1),Books,£27.37,£27.37,£0.00,In stock (15 available),0
The Regional Office Is Under Attack!,Books,£51.36,£51.36,£0.00,In stock (15 available),0
Scarlett Epstein Hates It Here,Books,£43.55,£43.55,£0.00,In stock (15 available),0
The Shadow Hero (The Shadow Hero),Books,£33.14,£33.14,£0.00,In stock (15 available),0
Immunity: How Elie Metchnikoff Changed the Course of Modern Medicine,Books,£57.36,£57.36,£0.00,In stock (16 available),0
Secrets and Lace (Fatal Hearts #1),Books,£20.27,£20.27,£0.00,In stock (15 available),0
Mrs. Houdini,Books,£30.25,£30.25,£0.00,In stock (15 available),0
Poses for Artists Volume 1 - Dynamic and Sitting Poses: An Essential Reference for Figure Drawing and the Human Form,Books,£41.06,£41.06,£0.00,In stock (15 available),0
"Nightingale, Sing",Books,£38.28,£38.28,£0.00,In stock (15 available),0
Night Sky with Exit Wounds,Books,£41.05,£41.05,£0.00,In stock (15 available),0
Redeeming Love,Books,£20.47,£20.47,£0.00,In stock (15 available),0
Romero and Juliet: A Tragic Tale of Love and Zombies,Books,£36.94,£36.94,£0.00,In stock (15 available),0
Poems That Make Grown Women Cry,Books,£14.19,£14.19,£0.00,In stock (15 available),0
"Shobu Samurai, Project Aryoku (#3)",Books,£29.06,£29.06,£0.00,In stock (15 available),0
So You've Been Publicly Shamed,Books,£12.23,£12.23,£0.00,In stock (15 available),0
Shoe Dog: A Memoir by the Creator of NIKE,Books,£23.99,£23.99,£0.00,In stock (15 available),0
Something More Than This,Books,£16.24,£16.24,£0.00,In stock (15 available),0
Soft Apocalypse,Books,£26.12,£26.12,£0.00,In stock (15 available),0
Suddenly in Love (Lake Haven #1),Books,£55.99,£55.99,£0.00,In stock (15 available),0
The 10% Entrepreneur: Live Your Startup Dream Without Quitting Your Day Job,Books,£27.55,£27.55,£0.00,In stock (15 available),0
The Argonauts,Books,£10.93,£10.93,£0.00,In stock (15 available),0
The Art of War,Books,£33.34,£33.34,£0.00,In stock (15 available),0
The Artist's Way: A Spiritual Path to Higher Creativity,Books,£38.49,£38.49,£0.00,In stock (15 available),0
The Bridge to Consciousness: I'm Writing the Bridge Between Science and Our Old and New Beliefs.,Books,£32.00,£32.00,£0.00,In stock (15 available),0
"Deliciously Ella Every Day: Quick and Easy Recipes for Gluten-Free Snacks, Packed Lunches, and Simple Meals",Books,£42.16,£42.16,£0.00,In stock (15 available),0
Doing It Over (Most Likely To #1),Books,£35.61,£35.61,£0.00,In stock (15 available),0
Done Rubbed Out (Reightman & Bailey #1),Books,£37.72,£37.72,£0.00,In stock (15 available),0
Drive: The Surprising Truth About What Motivates Us,Books,£34.95,£34.95,£0.00,In stock (15 available),0
"Fables, Vol. 1: Legends in Exile (Fables #1)",Books,£41.62,£41.62,£0.00,In stock (15 available),0
Eureka Trivia 6.0,Books,£54.59,£54.59,£0.00,In stock (15 available),0
Finders Keepers (Bill Hodges Trilogy #2),Books,£53.53,£53.53,£0.00,In stock (15 available),0
First Steps for New Christians (Print Edition),Books,£29.00,£29.00,£0.00,In stock (15 available),0
Frostbite (Vampire Academy #2),Books,£29.99,£29.99,£0.00,In stock (15 available),0
Follow You Home,Books,£21.36,£21.36,£0.00,In stock (15 available),0
Full Moon over Noah’s Ark: An Odyssey to Mount Ararat and Beyond,Books,£49.43,£49.43,£0.00,In stock (15 available),0
Hollow City (Miss Peregrine’s Peculiar Children #2),Books,£42.98,£42.98,£0.00,In stock (15 available),0
Grumbles,Books,£22.16,£22.16,£0.00,In stock (15 available),0
I Had a Nice Time And Other Lies...: How to find love & sh*t like that,Books,£57.36,£57.36,£0.00,In stock (15 available),0
Large Print Heart of the Pride,Books,£19.15,£19.15,£0.00,In stock (15 available),0
Little Red,Books,£13.47,£13.47,£0.00,In stock (15 available),0
Library of Souls (Miss Peregrine’s Peculiar Children #3),Books,£48.56,£48.56,£0.00,In stock (15 available),0
Louisa: The Extraordinary Life of Mrs. Adams,Books,£16.85,£16.85,£0.00,In stock (15 available),0
Miss Peregrine’s Home for Peculiar Children (Miss Peregrine’s Peculiar Children #1),Books,£10.76,£10.76,£0.00,In stock (15 available),0
Wild Swans,Books,£14.36,£14.36,£0.00,In stock (14 available),0
Why the Right Went Wrong: Conservatism--From Goldwater to the Tea Party and Beyond,Books,£52.65,£52.65,£0.00,In stock (14 available),0
"Wonder Woman: Earth One, Volume One (Wonder Woman: Earth One #1)",Books,£37.34,£37.34,£0.00,In stock (14 available),0
You (You #1),Books,£43.61,£43.61,£0.00,In stock (14 available),0
Zealot: The Life and Times of Jesus of Nazareth,Books,£24.70,£24.70,£0.00,In stock (14 available),0
Amatus,Books,£50.54,£50.54,£0.00,In stock (15 available),0
Agnostic: A Spirited Manifesto,Books,£12.51,£12.51,£0.00,In stock (15 available),0
Amid the Chaos,Books,£36.58,£36.58,£0.00,In stock (15 available),0
Ayumi's Violin,Books,£15.48,£15.48,£0.00,In stock (15 available),0
Amy Meets the Saints and Sages,Books,£18.46,£18.46,£0.00,In stock (15 available),0
Anonymous,Books,£46.82,£46.82,£0.00,In stock (15 available),0
Batman: The Dark Knight Returns (Batman),Books,£15.38,£15.38,£0.00,In stock (15 available),0
Batman: The Long Halloween (Batman),Books,£36.50,£36.50,£0.00,In stock (15 available),0
Beauty Restored (Riley Family Legacy Novellas #3),Books,£11.11,£11.11,£0.00,In stock (15 available),0
Becoming Wise: An Inquiry into the Mystery and Art of Living,Books,£27.43,£27.43,£0.00,In stock (15 available),0
Big Magic: Creative Living Beyond Fear,Books,£30.80,£30.80,£0.00,In stock (15 available),0
Chasing Heaven: What Dying Taught Me About Living,Books,£37.80,£37.80,£0.00,In stock (15 available),0
Dark Notes,Books,£19.19,£19.19,£0.00,In stock (15 available),0
"Daring Greatly: How the Courage to Be Vulnerable Transforms the Way We Live, Love, Parent, and Lead",Books,£19.43,£19.43,£0.00,In stock (15 available),0
Close to You,Books,£49.46,£49.46,£0.00,In stock (15 available),0
Modern Romance,Books,£28.26,£28.26,£0.00,In stock (15 available),0
The Song of Achilles,Books,£37.40,£37.40,£0.00,In stock (14 available),0
The Rosie Project (Don Tillman #1),Books,£54.04,£54.04,£0.00,In stock (14 available),0
The Testament of Mary,Books,£52.67,£52.67,£0.00,In stock (14 available),0
The Songs of the Gods,Books,£44.48,£44.48,£0.00,In stock (14 available),0
The Time Keeper,Books,£27.88,£27.88,£0.00,In stock (14 available),0
The Star-Touched Queen,Books,£46.02,£46.02,£0.00,In stock (14 available),0
The Wedding Pact (The O'Malleys #2),Books,£32.61,£32.61,£0.00,In stock (14 available),0
The White Queen (The Cousins' War #1),Books,£25.91,£25.91,£0.00,In stock (14 available),0
The Wright Brothers,Books,£56.80,£56.80,£0.00,In stock (14 available),0
The Year of Magical Thinking,Books,£43.04,£43.04,£0.00,In stock (14 available),0
This Is Where It Ends,Books,£27.12,£27.12,£0.00,In stock (14 available),0
Through the Woods,Books,£25.38,£25.38,£0.00,In stock (14 available),0
Twenty Yawns,Books,£22.08,£22.08,£0.00,In stock (14 available),0
"Unbroken: A World War II Story of Survival, Resilience, and Redemption",Books,£45.95,£45.95,£0.00,In stock (14 available),0
Until Friday Night (The Field Party #1),Books,£46.31,£46.31,£0.00,In stock (14 available),0
V for Vendetta (V for Vendetta Complete),Books,£37.10,£37.10,£0.00,In stock (14 available),0
"We Are Robin, Vol. 1: The Vigilante Business (We Are Robin #1)",Books,£53.90,£53.90,£0.00,In stock (14 available),0
Walt Disney's Alice in Wonderland,Books,£12.96,£12.96,£0.00,In stock (14 available),0
Take Me with You,Books,£45.21,£45.21,£0.00,In stock (14 available),0
Tastes Like Fear (DI Marnie Rome #3),Books,£10.69,£10.69,£0.00,In stock (14 available),0
That Darkness (Gardiner and Renner #1),Books,£13.92,£13.92,£0.00,In stock (14 available),0
The Bad-Ass Librarians of Timbuktu: And Their Race to Save the World’s Most Precious Manuscripts,Books,£15.77,£15.77,£0.00,In stock (14 available),0
The Bane Chronicles (The Bane Chronicles #1-11),Books,£44.73,£44.73,£0.00,In stock (14 available),0
The Darkest Lie,Books,£35.35,£35.35,£0.00,In stock (14 available),0
The First Hostage (J.B. Collins #2),Books,£25.85,£25.85,£0.00,In stock (14 available),0
The Guilty (Will Robie #4),Books,£13.82,£13.82,£0.00,In stock (14 available),0
The 14th Colony (Cotton Malone #11),Books,£39.24,£39.24,£0.00,In stock (14 available),0
The Dovekeepers,Books,£48.78,£48.78,£0.00,In stock (14 available),0
The Help Yourself Cookbook for Kids: 60 Easy Plant-Based Recipes Kids Can Make to Stay Healthy and Save the Earth,Books,£28.77,£28.77,£0.00,In stock (14 available),0
The Hidden Oracle (The Trials of Apollo #1),Books,£52.26,£52.26,£0.00,In stock (14 available),0
The Immortal Life of Henrietta Lacks,Books,£40.67,£40.67,£0.00,In stock (14 available),0
The Last Mile (Amos Decker #2),Books,£54.21,£54.21,£0.00,In stock (14 available),0
The Loney,Books,£23.40,£23.40,£0.00,In stock (14 available),0
The Long Haul (Diary of a Wimpy Kid #9),Books,£44.07,£44.07,£0.00,In stock (14 available),0
The Literature Book (Big Ideas Simply Explained),Books,£17.43,£17.43,£0.00,In stock (14 available),0
The Lucifer Effect: Understanding How Good People Turn Evil,Books,£10.40,£10.40,£0.00,In stock (14 available),0
The Marriage of Opposites,Books,£28.08,£28.08,£0.00,In stock (14 available),0
"Naruto (3-in-1 Edition), Vol. 14: Includes Vols. 40, 41 & 42 (Naruto: Omnibus #14)",Books,£38.39,£38.39,£0.00,In stock (14 available),0
No Dream Is Too High: Life Lessons From a Man Who Walked on the Moon,Books,£21.95,£21.95,£0.00,In stock (14 available),0
Pet Sematary,Books,£10.56,£10.56,£0.00,In stock (14 available),0
Once Was a Time,Books,£18.28,£18.28,£0.00,In stock (14 available),0
"Overload: How to Unplug, Unwind, and Unleash Yourself from the Pressure of Stress",Books,£52.15,£52.15,£0.00,In stock (14 available),0
"Quarter Life Poetry: Poems for the Young, Broke and Hangry",Books,£50.89,£50.89,£0.00,In stock (14 available),0
Old School (Diary of a Wimpy Kid #10),Books,£11.83,£11.83,£0.00,In stock (14 available),0
"Red Hood/Arsenal, Vol. 1: Open for Business (Red Hood/Arsenal #1)",Books,£25.48,£25.48,£0.00,In stock (14 available),0
Rain Fish,Books,£23.57,£23.57,£0.00,In stock (14 available),0
Robin War,Books,£47.82,£47.82,£0.00,In stock (14 available),0
salt.,Books,£46.78,£46.78,£0.00,In stock (14 available),0
"So Cute It Hurts!!, Vol. 6 (So Cute It Hurts!! #6)",Books,£35.43,£35.43,£0.00,In stock (14 available),0
Shtum,Books,£55.84,£55.84,£0.00,In stock (14 available),0
See America: A Celebration of Our National Parks & Treasured Sites,Books,£48.87,£48.87,£0.00,In stock (14 available),0
Steve Jobs,Books,£39.50,£39.50,£0.00,In stock (14 available),0
Someone Like You (The Harrisons #2),Books,£52.79,£52.79,£0.00,In stock (14 available),0
Sorting the Beef from the Bull: The Science of Food Fraud Forensics,Books,£44.74,£44.74,£0.00,In stock (14 available),0
Still Life with Bread Crumbs,Books,£26.41,£26.41,£0.00,In stock (14 available),0
Island of Dragons (Unwanteds #7),Books,£29.65,£29.65,£0.00,In stock (14 available),0
Superman Vol. 1: Before Truth (Superman by Gene Luen Yang #1),Books,£11.89,£11.89,£0.00,In stock (14 available),0
"Hush, Hush (Hush, Hush #1)",Books,£47.02,£47.02,£0.00,In stock (14 available),0
"Hyperbole and a Half: Unfortunate Situations, Flawed Coping Mechanisms, Mayhem, and Other Things That Happened",Books,£14.75,£14.75,£0.00,In stock (14 available),0
I Am Pilgrim (Pilgrim #1),Books,£10.60,£10.60,£0.00,In stock (14 available),0
I Know What I'm Doing -- and Other Lies I Tell Myself: Dispatches from a Life Under Construction,Books,£25.98,£25.98,£0.00,In stock (14 available),0
"It's All Easy: Healthy, Delicious Weeknight Meals in under 30 Minutes",Books,£19.55,£19.55,£0.00,In stock (14 available),0
Lady Midnight (The Dark Artifices #1),Books,£16.28,£16.28,£0.00,In stock (14 available),0
Let It Out: A Journey Through Journaling,Books,£26.79,£26.79,£0.00,In stock (14 available),0
"Living Leadership by Insight: A Good Leader Achieves, a Great Leader Builds Monuments",Books,£46.91,£46.91,£0.00,In stock (14 available),0
Looking for Lovely: Collecting the Moments that Matter,Books,£29.14,£29.14,£0.00,In stock (14 available),0
Lowriders to the Center of the Earth (Lowriders in Space #2),Books,£51.51,£51.51,£0.00,In stock (14 available),0
Love Is a Mix Tape (Music #1),Books,£18.03,£18.03,£0.00,In stock (14 available),0
Luckiest Girl Alive,Books,£49.83,£49.83,£0.00,In stock (14 available),0
Luis Paints the World,Books,£53.95,£53.95,£0.00,In stock (14 available),0
More Than Music (Chasing the Dream #1),Books,£37.61,£37.61,£0.00,In stock (14 available),0
Made to Stick: Why Some Ideas Survive and Others Die,Books,£38.85,£38.85,£0.00,In stock (14 available),0
Mr. Mercedes (Bill Hodges Trilogy #1),Books,£28.90,£28.90,£0.00,In stock (14 available),0
My Kind of Crazy,Books,£40.36,£40.36,£0.00,In stock (14 available),0
Eligible (The Austen Project #4),Books,£27.09,£27.09,£0.00,In stock (14 available),0
Cometh the Hour (The Clifton Chronicles #6),Books,£25.01,£25.01,£0.00,In stock (14 available),0
Crazy Love: Overwhelmed by a Relentless God,Books,£47.72,£47.72,£0.00,In stock (14 available),0
Dear Mr. Knightley,Books,£11.21,£11.21,£0.00,In stock (14 available),0
Daily Fantasy Sports,Books,£36.58,£36.58,£0.00,In stock (14 available),0
Demigods & Magicians: Percy and Annabeth Meet the Kanes (Percy Jackson & Kane Chronicles Crossover #1-3),Books,£37.51,£37.51,£0.00,In stock (14 available),0
Doctor Sleep (The Shining #2),Books,£40.12,£40.12,£0.00,In stock (14 available),0
"Eat Fat, Get Thin",Books,£54.07,£54.07,£0.00,In stock (14 available),0
Don't Get Caught,Books,£55.35,£55.35,£0.00,In stock (14 available),0
Eight Hundred Grapes,Books,£14.39,£14.39,£0.00,In stock (14 available),0
El Deafo,Books,£57.62,£57.62,£0.00,In stock (14 available),0
"Eaternity: More than 150 Deliciously Easy Vegan Recipes for a Long, Healthy, Satisfied, Joyful Life",Books,£51.75,£51.75,£0.00,In stock (14 available),0
Every Last Word,Books,£46.47,£46.47,£0.00,In stock (14 available),0
"Far & Away: Places on the Brink of Change: Seven Continents, Twenty-Five Years",Books,£15.06,£15.06,£0.00,In stock (14 available),0
Feathers: Displays of Brilliant Plumage,Books,£49.05,£49.05,£0.00,In stock (14 available),0
Glory over Everything: Beyond The Kitchen House,Books,£45.84,£45.84,£0.00,In stock (14 available),0
God: The Most Unpleasant Character in All Fiction,Books,£30.03,£30.03,£0.00,In stock (14 available),0
Greek Mythic History,Books,£10.23,£10.23,£0.00,In stock (14 available),0
Hamilton: The Revolution,Books,£58.79,£58.79,£0.00,In stock (14 available),0
Hold Your Breath (Search and Rescue #1),Books,£28.82,£28.82,£0.00,In stock (14 available),0
My Name Is Lucy Barton,Books,£41.56,£41.56,£0.00,In stock (14 available),0
My Mrs. Brown,Books,£24.48,£24.48,£0.00,In stock (14 available),0
Swell: A Year of Waves,Books,£45.58,£45.58,£0.00,In stock (14 available),0
The Power of Habit: Why We Do What We Do in Life and Business,Books,£16.88,£16.88,£0.00,In stock (14 available),0
Angels Walking (Angels Walking #1),Books,£34.20,£34.20,£0.00,In stock (14 available),0
Angels & Demons (Robert Langdon #1),Books,£51.48,£51.48,£0.00,In stock (14 available),0
Aristotle and Dante Discover the Secrets of the Universe (Aristotle and Dante Discover the Secrets of the Universe #1),Books,£58.14,£58.14,£0.00,In stock (14 available),0
Balloon Animals,Books,£17.03,£17.03,£0.00,In stock (14 available),0
Art Ops Vol. 1,Books,£48.80,£48.80,£0.00,In stock (14 available),0
Barefoot Contessa at Home: Everyday Recipes You'll Make Over and Over Again,Books,£50.62,£50.62,£0.00,In stock (14 available),0
Barefoot Contessa Back to Basics,Books,£28.01,£28.01,£0.00,In stock (14 available),0
Batman: Europa,Books,£32.01,£32.01,£0.00,In stock (14 available),0
Brain on Fire: My Month of Madness,Books,£49.32,£49.32,£0.00,In stock (14 available),0
Buying In: The Secret Dialogue Between What We Buy and Who We Are,Books,£37.80,£37.80,£0.00,In stock (14 available),0
Carrie,Books,£46.23,£46.23,£0.00,In stock (14 available),0
Catching Jordan (Hundred Oaks),Books,£50.83,£50.83,£0.00,In stock (14 available),0
"Carry On, Warrior: Thoughts on Life Unarmed",Books,£31.85,£31.85,£0.00,In stock (14 available),0
Cell,Books,£20.29,£20.29,£0.00,In stock (14 available),0
City of Ashes (The Mortal Instruments #2),Books,£47.27,£47.27,£0.00,In stock (14 available),0
City of Bones (The Mortal Instruments #1),Books,£43.28,£43.28,£0.00,In stock (14 available),0
City of Glass (The Mortal Instruments #3),Books,£56.02,£56.02,£0.00,In stock (14 available),0
City of Fallen Angels (The Mortal Instruments #4),Books,£11.23,£11.23,£0.00,In stock (14 available),0
Clockwork Angel (The Infernal Devices #1),Books,£44.14,£44.14,£0.00,In stock (14 available),0
The Silent Sister (Riley MacPherson #1),Books,£46.29,£46.29,£0.00,In stock (12 available),0
The Star-Touched Queen,Books,£32.30,£32.30,£0.00,In stock (12 available),0
Tipping Point for Planet Earth: How Close Are We to the Edge?,Books,£37.55,£37.55,£0.00,In stock (12 available),0
Will You Won't You Want Me?,Books,£13.86,£13.86,£0.00,In stock (12 available),0
13 Hours: The Inside Account of What Really Happened In Benghazi,Books,£27.06,£27.06,£0.00,In stock (13 available),0
My Kitchen Year: 136 Recipes That Saved My Life,Books,£11.53,£11.53,£0.00,In stock (13 available),0
Rook,Books,£37.86,£37.86,£0.00,In stock (13 available),0
"The Three Searches, Meaning, and the Story",Books,£13.33,£13.33,£0.00,In stock (13 available),0
1491: New Revelations of the Americas Before Columbus,Books,£21.80,£21.80,£0.00,In stock (14 available),0
A Brush of Wings (Angels Walking #3),Books,£55.51,£55.51,£0.00,In stock (14 available),0
A Man Called Ove,Books,£39.72,£39.72,£0.00,In stock (14 available),0
A Distant Mirror: The Calamitous 14th Century,Books,£14.58,£14.58,£0.00,In stock (14 available),0
A People's History of the United States,Books,£40.79,£40.79,£0.00,In stock (14 available),0
"A Series of Catastrophes and Miracles: A True Story of Love, Science, and Cancer",Books,£56.48,£56.48,£0.00,In stock (14 available),0
Searching for Meaning in Gailana,Books,£38.73,£38.73,£0.00,In stock (13 available),0
A Study in Scarlet (Sherlock Holmes #1),Books,£16.73,£16.73,£0.00,In stock (14 available),0
"Adulthood Is a Myth: A ""Sarah's Scribbles"" Collection",Books,£10.90,£10.90,£0.00,In stock (14 available),0
Abstract City,Books,£56.37,£56.37,£0.00,In stock (14 available),0
How to Speak Golf: An Illustrated Guide to Links Lingo,Books,£58.32,£58.32,£0.00,In stock (12 available),0
A Time of Torment (Charlie Parker #14),Books,£48.35,£48.35,£0.00,In stock (14 available),0
Most Wanted,Books,£35.28,£35.28,£0.00,In stock (12 available),0
"Love, Lies and Spies",Books,£20.55,£20.55,£0.00,In stock (12 available),0
Murder at the 42nd Street Library (Raymond Ambler #1),Books,£54.36,£54.36,£0.00,In stock (12 available),0
One with You (Crossfire #5),Books,£15.71,£15.71,£0.00,In stock (12 available),0
No Love Allowed (Dodge Cove #1),Books,£54.65,£54.65,£0.00,In stock (12 available),0
Poisonous (Max Revere Novels #3),Books,£26.80,£26.80,£0.00,In stock (12 available),0
Quench Your Own Thirst: Business Lessons Learned Over a Beer or Two,Books,£43.14,£43.14,£0.00,In stock (12 available),0
Raspberry Pi Electronics Projects for the Evil Genius,Books,£49.67,£49.67,£0.00,In stock (12 available),0
Psycho: Sanitarium (Psycho #1.5),Books,£36.97,£36.97,£0.00,In stock (12 available),0
Snatched: How A Drug Queen Went Undercover for the DEA and Was Kidnapped By Colombian Guerillas,Books,£21.21,£21.21,£0.00,In stock (12 available),0
Stars Above (The Lunar Chronicles #4.5),Books,£48.05,£48.05,£0.00,In stock (12 available),0
The Children,Books,£11.88,£11.88,£0.00,In stock (12 available),0
The Diary of a Young Girl,Books,£59.90,£59.90,£0.00,In stock (12 available),0
The Dinner Party,Books,£56.54,£56.54,£0.00,In stock (12 available),0
The Epidemic (The Program 0.6),Books,£14.44,£14.44,£0.00,In stock (12 available),0
The Golden Condom: And Other Essays on Love Lost and Found,Books,£39.43,£39.43,£0.00,In stock (12 available),0
The Gray Rhino: How to Recognize and Act on the Obvious Dangers We Ignore,Books,£59.15,£59.15,£0.00,In stock (12 available),0
The Lonely City: Adventures in the Art of Being Alone,Books,£33.26,£33.26,£0.00,In stock (12 available),0
The Midnight Watch: A Novel of the Titanic and the Californian,Books,£26.20,£26.20,£0.00,In stock (12 available),0
Off the Hook (Fishing for Trouble #1),Books,£47.67,£47.67,£0.00,In stock (11 available),0
Playing with Fire,Books,£13.71,£13.71,£0.00,In stock (11 available),0
"Setting the World on Fire: The Brief, Astonishing Life of St. Catherine of Siena",Books,£21.15,£21.15,£0.00,In stock (11 available),0
Sleeping Giants (Themis Files #1),Books,£48.74,£48.74,£0.00,In stock (11 available),0
The Improbability of Love,Books,£59.45,£59.45,£0.00,In stock (11 available),0
Take Me Home Tonight (Rock Star Romance #3),Books,£53.98,£53.98,£0.00,In stock (11 available),0
The Art of Startup Fundraising,Books,£21.00,£21.00,£0.00,In stock (11 available),0
Troublemaker: Surviving Hollywood and Scientology,Books,£48.39,£48.39,£0.00,In stock (11 available),0
"The Sleep Revolution: Transforming Your Life, One Night at a Time",Books,£11.68,£11.68,£0.00,In stock (11 available),0
The Widow,Books,£27.26,£27.26,£0.00,In stock (11 available),0
"A la Mode: 120 Recipes in 60 Pairings: Pies, Tarts, Cakes, Crisps, and More Topped with Ice Cream, Gelato, Frozen Custard, and More",Books,£38.77,£38.77,£0.00,In stock (12 available),0
Boar Island (Anna Pigeon #19),Books,£59.48,£59.48,£0.00,In stock (12 available),0
Can You Keep a Secret? (Fear Street Relaunch #4),Books,£48.64,£48.64,£0.00,In stock (12 available),0
A Paris Apartment,Books,£39.01,£39.01,£0.00,In stock (12 available),0
Dirty (Dive Bar #1),Books,£40.83,£40.83,£0.00,In stock (12 available),0
Eleanor & Park,Books,£56.51,£56.51,£0.00,In stock (12 available),0
Equal Is Unfair: America's Misguided Fight Against Income Inequality,Books,£56.86,£56.86,£0.00,In stock (12 available),0
Everyday Italian: 125 Simple and Delicious Recipes,Books,£20.10,£20.10,£0.00,In stock (12 available),0
Furiously Happy: A Funny Book About Horrible Things,Books,£41.46,£41.46,£0.00,In stock (12 available),0
10-Day Green Smoothie Cleanse: Lose Up to 15 Pounds in 10 Days!,Books,£49.71,£49.71,£0.00,In stock (10 available),0
"10% Happier: How I Tamed the Voice in My Head, Reduced Stress Without Losing My Edge, and Found Self-Help That Actually Works",Books,£24.57,£24.57,£0.00,In stock (10 available),0
11/22/63,Books,£48.48,£48.48,£0.00,In stock (11 available),0
A Gentleman's Position (Society of Gentlemen #3),Books,£14.75,£14.75,£0.00,In stock (11 available),0
Adultery,Books,£20.88,£20.88,£0.00,In stock (11 available),0
A Mother's Reckoning: Living in the Aftermath of Tragedy,Books,£19.53,£19.53,£0.00,In stock (11 available),0
Arena,Books,£21.36,£21.36,£0.00,In stock (11 available),0
Born for This: How to Find the Work You Were Meant to Do,Books,£21.59,£21.59,£0.00,In stock (11 available),0
Cravings: Recipes for What You Want to Eat,Books,£20.50,£20.50,£0.00,In stock (11 available),0
"Exit, Pursued by a Bear",Books,£51.34,£51.34,£0.00,In stock (11 available),0
Daredevils,Books,£16.34,£16.34,£0.00,In stock (11 available),0
Grey (Fifty Shades #4),Books,£48.49,£48.49,£0.00,In stock (11 available),0
Lab Girl,Books,£40.85,£40.85,£0.00,In stock (11 available),0
It Didn't Start with You: How Inherited Family Trauma Shapes Who We Are and How to End the Cycle,Books,£56.27,£56.27,£0.00,In stock (11 available),0
Keep Me Posted,Books,£20.46,£20.46,£0.00,In stock (11 available),0
Lies and Other Acts of Love,Books,£45.14,£45.14,£0.00,In stock (11 available),0
Lilac Girls,Books,£17.28,£17.28,£0.00,In stock (11 available),0
M Train,Books,£27.18,£27.18,£0.00,In stock (11 available),0
"Mother, Can You Not?",Books,£16.89,£16.89,£0.00,In stock (11 available),0
Mothering Sunday,Books,£13.34,£13.34,£0.00,In stock (11 available),0
Don't Forget Steven,Books,£33.23,£33.23,£0.00,In stock (9 available),0
Dress Your Family in Corduroy and Denim,Books,£43.68,£43.68,£0.00,In stock (9 available),0
"Fruits Basket, Vol. 9 (Fruits Basket #9)",Books,£33.95,£33.95,£0.00,In stock (9 available),0
If I Gave You God's Phone Number....: Searching for Spirituality in America,Books,£20.91,£20.91,£0.00,In stock (9 available),0
Nap-a-Roo,Books,£25.08,£25.08,£0.00,In stock (9 available),0
Modern Day Fables,Books,£47.44,£47.44,£0.00,In stock (9 available),0
"NaNo What Now? Finding your editing process, revising your NaNoWriMo book and building a writing career through publishing and beyond",Books,£10.41,£10.41,£0.00,In stock (9 available),0
Suzie Snowflake: One beautiful flake (a self-esteem story),Books,£54.81,£54.81,£0.00,In stock (9 available),0
The Alien Club,Books,£54.40,£54.40,£0.00,In stock (9 available),0
The Art and Science of Low Carbohydrate Living,Books,£52.98,£52.98,£0.00,In stock (9 available),0
The Book of Mormon,Books,£24.57,£24.57,£0.00,In stock (9 available),0
"The Moosewood Cookbook: Recipes from Moosewood Restaurant, Ithaca, New York",Books,£12.34,£12.34,£0.00,In stock (9 available),0
The New Brand You: Your New Image Makes the Sale for You,Books,£44.05,£44.05,£0.00,In stock (9 available),0
"The Fabric of the Cosmos: Space, Time, and the Texture of Reality",Books,£55.91,£55.91,£0.00,In stock (9 available),0
The Flowers Lied,Books,£16.68,£16.68,£0.00,In stock (9 available),0
Underlying Notes,Books,£11.82,£11.82,£0.00,In stock (9 available),0
Unlimited Intuition Now,Books,£58.87,£58.87,£0.00,In stock (9 available),0
The Shack,Books,£28.03,£28.03,£0.00,In stock (9 available),0
Watchmen,Books,£58.05,£58.05,£0.00,In stock (9 available),0
Shadows of the Past (Logan Point #1),Books,£39.67,£39.67,£0.00,In stock (8 available),0
Silence in the Dark (Logan Point #4),Books,£58.33,£58.33,£0.00,In stock (8 available),0
Smarter Faster Better: The Secrets of Being Productive in Life and Business,Books,£38.89,£38.89,£0.00,In stock (8 available),0
South of Sunshine,Books,£28.93,£28.93,£0.00,In stock (8 available),0
The E-Myth Revisited: Why Most Small Businesses Don't Work and What to Do About It,Books,£36.91,£36.91,£0.00,In stock (8 available),0
The Grownup,Books,£35.88,£35.88,£0.00,In stock (8 available),0
The High Mountains of Portugal,Books,£51.15,£51.15,£0.00,In stock (8 available),0
The Martian (The Martian #1),Books,£41.39,£41.39,£0.00,In stock (8 available),0
"The Midnight Assassin: Panic, Scandal, and the Hunt for America's First Serial Killer",Books,£28.45,£28.45,£0.00,In stock (8 available),0
The Unlikely Pilgrimage of Harold Fry (Harold Fry #1),Books,£43.62,£43.62,£0.00,In stock (8 available),0
The New Drawing on the Right Side of the Brain,Books,£43.02,£43.02,£0.00,In stock (8 available),0
When Breath Becomes Air,Books,£39.36,£39.36,£0.00,In stock (8 available),0
Vagabonding: An Uncommon Guide to the Art of Long-Term World Travel,Books,£36.94,£36.94,£0.00,In stock (8 available),0
Why Not Me?,Books,£17.76,£17.76,£0.00,In stock (8 available),0
"Zero to One: Notes on Startups, or How to Build the Future",Books,£34.06,£34.06,£0.00,In stock (8 available),0
23 Degrees South: A Tropical Tale of Changing Whether...,Books,£35.79,£35.79,£0.00,In stock (9 available),0
A Hero's Curse (The Unseen Chronicles #1),Books,£50.49,£50.49,£0.00,In stock (9 available),0
Art and Fear: Observations on the Perils (and Rewards) of Artmaking,Books,£48.63,£48.63,£0.00,In stock (9 available),0
A Shard of Ice (The Black Symphony Saga #1),Books,£56.63,£56.63,£0.00,In stock (9 available),0
John Vassos: Industrial Design for Modern Life,Books,£20.22,£20.22,£0.00,In stock (8 available),0
History of Beauty,Books,£10.29,£10.29,£0.00,In stock (8 available),0
Howl and Other Poems,Books,£40.45,£40.45,£0.00,In stock (8 available),0
Kierkegaard: A Christian Missionary to Christians,Books,£47.13,£47.13,£0.00,In stock (8 available),0
Hystopia: A Novel,Books,£21.96,£21.96,£0.00,In stock (8 available),0
I'll Give You the Sun,Books,£56.48,£56.48,£0.00,In stock (8 available),0
I Will Find You,Books,£44.21,£44.21,£0.00,In stock (8 available),0
Kill 'Em and Leave: Searching for James Brown and the American Soul,Books,£45.05,£45.05,£0.00,In stock (8 available),0
Left Behind (Left Behind #1),Books,£40.72,£40.72,£0.00,In stock (8 available),0
Les Fleurs du Mal,Books,£29.04,£29.04,£0.00,In stock (8 available),0
Miller's Valley,Books,£58.54,£58.54,£0.00,In stock (8 available),0
Man's Search for Meaning,Books,£29.48,£29.48,£0.00,In stock (8 available),0
"Love That Boy: What Two Presidents, Eight Road Trips, and My Son Taught Me About a Parent's Expectations",Books,£25.06,£25.06,£0.00,In stock (8 available),0
My Life Next Door (My Life Next Door ),Books,£36.39,£36.39,£0.00,In stock (8 available),0
Living Forward: A Proven Plan to Stop Drifting and Get the Life You Want,Books,£12.55,£12.55,£0.00,In stock (8 available),0
Please Kill Me: The Uncensored Oral History of Punk,Books,£31.19,£31.19,£0.00,In stock (8 available),0
Out of Print: City Lights Spotlight No. 14,Books,£53.64,£53.64,£0.00,In stock (8 available),0
Proofs of God: Classical Arguments from Tertullian to Barth,Books,£54.21,£54.21,£0.00,In stock (8 available),0
Rising Strong,Books,£21.82,£21.82,£0.00,In stock (8 available),0
The Whale,Books,£35.96,£35.96,£0.00,In stock (7 available),0
Toddlers Are A**holes: It's Not Your Fault,Books,£25.55,£25.55,£0.00,In stock (7 available),0
The Year of Living Biblically: One Man's Humble Quest to Follow the Bible as Literally as Possible,Books,£34.72,£34.72,£0.00,In stock (7 available),0
Under the Tuscan Sun,Books,£37.33,£37.33,£0.00,In stock (7 available),0
Unreasonable Hope: Finding Faith in the God Who Brings Purpose to Your Pain,Books,£46.33,£46.33,£0.00,In stock (7 available),0
What Happened on Beale Street (Secrets of the South Mysteries #2),Books,£25.37,£25.37,£0.00,In stock (7 available),0
You Are a Badass: How to Stop Doubting Your Greatness and Start Living an Awesome Life,Books,£12.08,£12.08,£0.00,In stock (7 available),0
"""Most Blessed of the Patriarchs"": Thomas Jefferson and the Empire of the Imagination",Books,£44.48,£44.48,£0.00,In stock (8 available),0
32 Yolks,Books,£53.63,£53.63,£0.00,In stock (8 available),0
Being Mortal: Medicine and What Matters in the End,Books,£55.06,£55.06,£0.00,In stock (8 available),0
"A Murder Over a Girl: Justice, Gender, Junior High",Books,£13.20,£13.20,£0.00,In stock (8 available),0
Wildlife of New York: A Five-Borough Coloring Book,Books,£22.14,£22.14,£0.00,In stock (7 available),0
Between the World and Me,Books,£56.91,£56.91,£0.00,In stock (8 available),0
Brazen: The Courage to Find the You That's Been Hiding,Books,£19.22,£19.22,£0.00,In stock (8 available),0
Death by Leisure: A Cautionary Tale,Books,£37.51,£37.51,£0.00,In stock (8 available),0
Brilliant Beacons: A History of the American Lighthouse,Books,£11.45,£11.45,£0.00,In stock (8 available),0
Diary of a Citizen Scientist: Chasing Tiger Beetles and Other New Ways of Engaging the World,Books,£28.41,£28.41,£0.00,In stock (8 available),0
Future Shock (Future Shock #1),Books,£55.65,£55.65,£0.00,In stock (8 available),0
Ender's Game (The Ender Quintet #1),Books,£43.64,£43.64,£0.00,In stock (8 available),0
Roller Girl,Books,£14.10,£14.10,£0.00,In stock (8 available),0
Heaven is for Real: A Little Boy's Astounding Story of His Trip to Heaven and Back,Books,£52.86,£52.86,£0.00,In stock (8 available),0
Playing from the Heart,Books,£32.38,£32.38,£0.00,In stock (7 available),0
Raymie Nightingale,Books,£34.41,£34.41,£0.00,In stock (7 available),0
"Rich Dad, Poor Dad",Books,£51.74,£51.74,£0.00,In stock (7 available),0
"Shrunken Treasures: Literary Classics, Short, Sweet, and Silly",Books,£52.87,£52.87,£0.00,In stock (7 available),0
Sister Dear,Books,£40.20,£40.20,£0.00,In stock (7 available),0
Steal Like an Artist: 10 Things Nobody Told You About Being Creative,Books,£20.90,£20.90,£0.00,In stock (7 available),0
"Sit, Stay, Love",Books,£20.90,£20.90,£0.00,In stock (7 available),0
The 7 Habits of Highly Effective People: Powerful Lessons in Personal Change,Books,£33.17,£33.17,£0.00,In stock (7 available),0
The Art Book,Books,£32.34,£32.34,£0.00,In stock (7 available),0
Team of Rivals: The Political Genius of Abraham Lincoln,Books,£20.12,£20.12,£0.00,In stock (7 available),0
The Bourne Identity (Jason Bourne #1),Books,£42.78,£42.78,£0.00,In stock (7 available),0
The Bachelor Girl's Guide to Murder (Herringford and Watts Mysteries #1),Books,£52.30,£52.30,£0.00,In stock (7 available),0
The Constant Princess (The Tudor Court #1),Books,£16.62,£16.62,£0.00,In stock (7 available),0
The Drowning Girls,Books,£35.67,£35.67,£0.00,In stock (7 available),0
The Faith of Christopher Hitchens: The Restless Soul of the World's Most Notorious Atheist,Books,£39.55,£39.55,£0.00,In stock (7 available),0
The Great Gatsby,Books,£36.05,£36.05,£0.00,In stock (7 available),0
The Glass Castle,Books,£16.24,£16.24,£0.00,In stock (7 available),0
The Good Girl,Books,£49.03,£49.03,£0.00,In stock (7 available),0
The Origin of Species,Books,£10.01,£10.01,£0.00,In stock (7 available),0
The Story of Art,Books,£41.14,£41.14,£0.00,In stock (7 available),0
"Chronicles, Vol. 1",Books,£52.60,£52.60,£0.00,In stock (7 available),0
Blue Like Jazz: Nonreligious Thoughts on Christian Spirituality,Books,£25.77,£25.77,£0.00,In stock (7 available),0
Counted With the Stars (Out from Egypt #1),Books,£17.97,£17.97,£0.00,In stock (7 available),0
Delivering the Truth (Quaker Midwife Mystery #1),Books,£20.89,£20.89,£0.00,In stock (7 available),0
Every Heart a Doorway (Every Heart A Doorway #1),Books,£12.16,£12.16,£0.00,In stock (7 available),0
Finding God in the Ruins: How God Redeems Pain,Books,£46.64,£46.64,£0.00,In stock (7 available),0
For the Love: Fighting for Grace in a World of Impossible Standards,Books,£45.13,£45.13,£0.00,In stock (7 available),0
"Fruits Basket, Vol. 7 (Fruits Basket #7)",Books,£19.57,£19.57,£0.00,In stock (7 available),0
Good in Bed (Cannie Shapiro #1),Books,£37.05,£37.05,£0.00,In stock (7 available),0
How to Be a Domestic Goddess: Baking and the Art of Comfort Cooking,Books,£28.25,£28.25,£0.00,In stock (7 available),0
How to Cook Everything Vegetarian: Simple Meatless Recipes for Great Food (How to Cook Everything),Books,£46.01,£46.01,£0.00,In stock (7 available),0
King's Folly (The Kinsman Chronicles #1),Books,£39.61,£39.61,£0.00,In stock (7 available),0
John Adams,Books,£57.43,£57.43,£0.00,In stock (7 available),0
Leave This Song Behind: Teen Poetry at Its Best,Books,£51.17,£51.17,£0.00,In stock (7 available),0
Life of Pi,Books,£13.22,£13.22,£0.00,In stock (7 available),0
Like Never Before (Walker Family #2),Books,£28.77,£28.77,£0.00,In stock (7 available),0
Memoirs of a Geisha,Books,£49.67,£49.67,£0.00,In stock (7 available),0
Meternity,Books,£43.58,£43.58,£0.00,In stock (7 available),0
"Naturally Lean: 125 Nourishing Gluten-Free, Plant-Based Recipes--All Under 300 Calories",Books,£11.38,£11.38,£0.00,In stock (7 available),0
Nightstruck: A Novel,Books,£50.35,£50.35,£0.00,In stock (7 available),0
The Collected Poems of W.B. Yeats (The Collected Works of W.B. Yeats #1),Books,£15.42,£15.42,£0.00,In stock (6 available),0
The Fellowship of the Ring (The Lord of the Rings #1),Books,£10.27,£10.27,£0.00,In stock (6 available),0
The Girl You Left Behind (The Girl You Left Behind #1),Books,£15.79,£15.79,£0.00,In stock (6 available),0
The God Delusion,Books,£46.85,£46.85,£0.00,In stock (6 available),0
The Great Railway Bazaar,Books,£30.54,£30.54,£0.00,In stock (6 available),0
The Golden Compass (His Dark Materials #1),Books,£18.77,£18.77,£0.00,In stock (6 available),0
The Hobbit (Middle-Earth Universe),Books,£17.80,£17.80,£0.00,In stock (6 available),0
The Joy of Cooking,Books,£43.27,£43.27,£0.00,In stock (6 available),0
The Mysterious Affair at Styles (Hercule Poirot #1),Books,£24.80,£24.80,£0.00,In stock (6 available),0
The Invention of Wings,Books,£37.34,£37.34,£0.00,In stock (6 available),0
The Makings of a Fatherless Child,Books,£31.58,£31.58,£0.00,In stock (6 available),0
The Man Who Mistook His Wife for a Hat and Other Clinical Tales,Books,£59.45,£59.45,£0.00,In stock (6 available),0
The Perks of Being a Wallflower,Books,£55.02,£55.02,£0.00,In stock (6 available),0
The Rise and Fall of the Third Reich: A History of Nazi Germany,Books,£39.67,£39.67,£0.00,In stock (6 available),0
A Gathering of Shadows (Shades of Magic #2),Books,£44.81,£44.81,£0.00,In stock (7 available),0
The Sound Of Love,Books,£57.84,£57.84,£0.00,In stock (6 available),0
A Short History of Nearly Everything,Books,£52.40,£52.40,£0.00,In stock (7 available),0
A Summer In Europe,Books,£44.34,£44.34,£0.00,In stock (7 available),0
"At The Existentialist Café: Freedom, Being, and apricot cocktails with: Jean-Paul Sartre, Simone de Beauvoir, Albert Camus, Martin Heidegger, Edmund Husserl, Karl Jaspers, Maurice Merleau-Ponty and others",Books,£29.93,£29.93,£0.00,In stock (7 available),0
Benjamin Franklin: An American Life,Books,£48.19,£48.19,£0.00,In stock (7 available),0
A Year in Provence (Provence #1),Books,£56.88,£56.88,£0.00,In stock (6 available),0
An Unquiet Mind: A Memoir of Moods and Madness,Books,£21.30,£21.30,£0.00,In stock (6 available),0
Better Homes and Gardens New Cook Book,Books,£39.61,£39.61,£0.00,In stock (6 available),0
"Death Note, Vol. 6: Give-and-Take (Death Note #6)",Books,£36.39,£36.39,£0.00,In stock (6 available),0
"Fruits Basket, Vol. 6 (Fruits Basket #6)",Books,£20.96,£20.96,£0.00,In stock (6 available),0
Catherine the Great: Portrait of a Woman,Books,£58.55,£58.55,£0.00,In stock (6 available),0
Deception Point,Books,£40.32,£40.32,£0.00,In stock (6 available),0
Fun Home: A Family Tragicomic,Books,£56.59,£56.59,£0.00,In stock (6 available),0
"Girl, Interrupted",Books,£42.14,£42.14,£0.00,In stock (6 available),0
Give It Back,Books,£18.32,£18.32,£0.00,In stock (6 available),0
In Cold Blood,Books,£49.98,£49.98,£0.00,In stock (6 available),0
How to Stop Worrying and Start Living,Books,£46.49,£46.49,£0.00,In stock (6 available),0
Me Before You (Me Before You #1),Books,£19.02,£19.02,£0.00,In stock (6 available),0
In the Woods (Dublin Murder Squad #1),Books,£38.38,£38.38,£0.00,In stock (6 available),0
Mere Christianity,Books,£48.51,£48.51,£0.00,In stock (6 available),0
Pride and Prejudice,Books,£19.27,£19.27,£0.00,In stock (6 available),0
Musicophilia: Tales of Music and the Brain,Books,£46.58,£46.58,£0.00,In stock (6 available),0
The Expatriates,Books,£44.58,£44.58,£0.00,In stock (5 available),0
The Fault in Our Stars,Books,£47.22,£47.22,£0.00,In stock (5 available),0
The False Prince (The Ascendance Trilogy #1),Books,£56.00,£56.00,£0.00,In stock (5 available),0
The Firm,Books,£45.56,£45.56,£0.00,In stock (5 available),0
The Grand Design,Books,£13.76,£13.76,£0.00,In stock (5 available),0
The Hiding Place,Books,£55.91,£55.91,£0.00,In stock (5 available),0
The Little Paris Bookshop,Books,£24.73,£24.73,£0.00,In stock (5 available),0
The Raven Boys (The Raven Cycle #1),Books,£57.74,£57.74,£0.00,In stock (5 available),0
The Raven King (The Raven Cycle #4),Books,£30.57,£30.57,£0.00,In stock (5 available),0
The Power Greens Cookbook: 140 Delicious Superfood Recipes,Books,£11.05,£11.05,£0.00,In stock (5 available),0
The Metamorphosis,Books,£28.58,£28.58,£0.00,In stock (5 available),0
The Mathews Men: Seven Brothers and the War Against Hitler's U-boats,Books,£42.91,£42.91,£0.00,In stock (5 available),0
The Secret Garden,Books,£15.08,£15.08,£0.00,In stock (5 available),0
This Is Your Brain on Music: The Science of a Human Obsession,Books,£38.40,£38.40,£0.00,In stock (5 available),0
Two Summers,Books,£14.64,£14.64,£0.00,In stock (5 available),0
Where She Went (If I Stay #2),Books,£41.73,£41.73,£0.00,In stock (5 available),0
World Without End (The Pillars of the Earth #2),Books,£32.97,£32.97,£0.00,In stock (5 available),0
What If?: Serious Scientific Answers to Absurd Hypothetical Questions,Books,£53.68,£53.68,£0.00,In stock (5 available),0
"Will Grayson, Will Grayson (Will Grayson, Will Grayson)",Books,£47.31,£47.31,£0.00,In stock (5 available),0
Why Save the Bankers?: And Other Essays on Our Economic and Political Crisis,Books,£48.67,£48.67,£0.00,In stock (5 available),0
Ship Leaves Harbor: Essays on Travel by a Recovering Journeyman,Books,£30.60,£30.60,£0.00,In stock (6 available),0
Tell the Wolves I'm Home,Books,£50.96,£50.96,£0.00,In stock (6 available),0
Kill the Boy Band,Books,£15.52,£15.52,£0.00,In stock (5 available),0
Killing Floor (Jack Reacher #1),Books,£31.49,£31.49,£0.00,In stock (5 available),0
Last One Home (New Beginnings #1),Books,£59.98,£59.98,£0.00,In stock (5 available),0
Lola and the Boy Next Door (Anna and the French Kiss #2),Books,£23.63,£23.63,£0.00,In stock (5 available),0
Logan Kade (Fallen Crest High #5.5),Books,£13.12,£13.12,£0.00,In stock (5 available),0
Maybe Something Beautiful: How Art Transformed a Neighborhood,Books,£22.54,£22.54,£0.00,In stock (5 available),0
Mexican Today: New and Rediscovered Recipes for Contemporary Kitchens,Books,£24.91,£24.91,£0.00,In stock (5 available),0
My Mother Was Nuts,Books,£31.63,£31.63,£0.00,In stock (5 available),0
Peak: Secrets from the New Science of Expertise,Books,£16.28,£16.28,£0.00,In stock (5 available),0
Red Dragon (Hannibal Lecter #1),Books,£23.37,£23.37,£0.00,In stock (5 available),0
Siddhartha,Books,£34.22,£34.22,£0.00,In stock (5 available),0
Remember Me?,Books,£11.48,£11.48,£0.00,In stock (5 available),0
Shiver (The Wolves of Mercy Falls #1),Books,£16.23,£16.23,£0.00,In stock (5 available),0
Talking to Girls About Duran Duran: One Young Man's Quest for True Love and a Cooler Haircut,Books,£25.15,£25.15,£0.00,In stock (5 available),0
Tell Me Three Things,Books,£41.81,£41.81,£0.00,In stock (5 available),0
Tell the Wind and Fire,Books,£45.51,£45.51,£0.00,In stock (5 available),0
The 5th Wave (The 5th Wave #1),Books,£11.83,£11.83,£0.00,In stock (5 available),0
Booked,Books,£17.49,£17.49,£0.00,In stock (5 available),0
The Crossover,Books,£38.77,£38.77,£0.00,In stock (5 available),0
The Darkest Corners,Books,£11.33,£11.33,£0.00,In stock (5 available),0
An Abundance of Katherines,Books,£10.00,£10.00,£0.00,In stock (5 available),0
America's War for the Greater Middle East: A Military History,Books,£51.22,£51.22,£0.00,In stock (5 available),0
Approval Junkie: Adventures in Caring Too Much,Books,£58.81,£58.81,£0.00,In stock (5 available),0
"Blue Lily, Lily Blue (The Raven Cycle #3)",Books,£34.13,£34.13,£0.00,In stock (5 available),0
Critique of Pure Reason,Books,£20.75,£20.75,£0.00,In stock (5 available),0
"Data, A Love Story: How I Gamed Online Dating to Meet My Match",Books,£32.35,£32.35,£0.00,In stock (5 available),0
"Death Note, Vol. 5: Whiteout (Death Note #5)",Books,£52.41,£52.41,£0.00,In stock (5 available),0
Digital Fortress,Books,£58.00,£58.00,£0.00,In stock (5 available),0
Dracula the Un-Dead,Books,£35.63,£35.63,£0.00,In stock (5 available),0
Drama,Books,£38.70,£38.70,£0.00,In stock (5 available),0
Evicted: Poverty and Profit in the American City,Books,£42.27,£42.27,£0.00,In stock (5 available),0
Find Her (Detective D.D. Warren #8),Books,£22.37,£22.37,£0.00,In stock (5 available),0
Fool Me Once,Books,£16.96,£16.96,£0.00,In stock (5 available),0
Foundation (Foundation (Publication Order) #1),Books,£32.42,£32.42,£0.00,In stock (5 available),0
"Fruits Basket, Vol. 5 (Fruits Basket #5)",Books,£16.33,£16.33,£0.00,In stock (5 available),0
Harry Potter and the Deathly Hallows (Harry Potter #7),Books,£23.32,£23.32,£0.00,In stock (5 available),0
I Know Why the Caged Bird Sings (Maya Angelou's Autobiography #1),Books,£36.55,£36.55,£0.00,In stock (5 available),0
If I Stay (If I Stay #1),Books,£38.13,£38.13,£0.00,In stock (5 available),0
Isla and the Happily Ever After (Anna and the French Kiss #3),Books,£48.13,£48.13,£0.00,In stock (5 available),0
Some Women,Books,£13.73,£13.73,£0.00,In stock (4 available),0
The Beast (Black Dagger Brotherhood #14),Books,£46.08,£46.08,£0.00,In stock (4 available),0
The Bone Hunters (Lexy Vaughan & Steven Macaulay #2),Books,£59.71,£59.71,£0.00,In stock (4 available),0
"The Demon Prince of Momochi House, Vol. 4 (The Demon Prince of Momochi House #4)",Books,£27.88,£27.88,£0.00,In stock (4 available),0
The Demonists (Demonist #1),Books,£52.11,£52.11,£0.00,In stock (4 available),0
The Geography of Bliss: One Grump's Search for the Happiest Places in the World,Books,£28.23,£28.23,£0.00,In stock (4 available),0
The Gunning of America: Business and the Making of American Gun Culture,Books,£16.81,£16.81,£0.00,In stock (4 available),0
The Hound of the Baskervilles (Sherlock Holmes #5),Books,£14.82,£14.82,£0.00,In stock (4 available),0
The Perfect Play (Play by Play #1),Books,£59.99,£59.99,£0.00,In stock (4 available),0
The Hunger Games (The Hunger Games #1),Books,£29.85,£29.85,£0.00,In stock (4 available),0
The Passion of Dolssa,Books,£28.32,£28.32,£0.00,In stock (4 available),0
The Jazz of Physics: The Secret Link Between Music and the Structure of the Universe,Books,£38.71,£38.71,£0.00,In stock (4 available),0
The Pilgrim's Progress,Books,£50.26,£50.26,£0.00,In stock (4 available),0
The Shining (The Shining #1),Books,£27.88,£27.88,£0.00,In stock (4 available),0
Vogue Colors A to Z: A Fashion Coloring Book,Books,£52.35,£52.35,£0.00,In stock (4 available),0
A Clash of Kings (A Song of Ice and Fire #2),Books,£10.79,£10.79,£0.00,In stock (5 available),0
A Feast for Crows (A Song of Ice and Fire #4),Books,£17.21,£17.21,£0.00,In stock (5 available),0
Alight (The Generations Trilogy #2),Books,£58.59,£58.59,£0.00,In stock (5 available),0
The Dream Thieves (The Raven Cycle #2),Books,£34.50,£34.50,£0.00,In stock (5 available),0
A Game of Thrones (A Song of Ice and Fire #1),Books,£46.42,£46.42,£0.00,In stock (5 available),0
A Girl's Guide to Moving On (New Beginnings #2),Books,£31.30,£31.30,£0.00,In stock (5 available),0
"Fruits Basket, Vol. 4 (Fruits Basket #4)",Books,£50.44,£50.44,£0.00,In stock (4 available),0
Girl With a Pearl Earring,Books,£26.77,£26.77,£0.00,In stock (4 available),0
God Is Not Great: How Religion Poisons Everything,Books,£27.80,£27.80,£0.00,In stock (4 available),0
Harry Potter and the Half-Blood Prince (Harry Potter #6),Books,£48.75,£48.75,£0.00,In stock (4 available),0
Harry Potter and the Order of the Phoenix (Harry Potter #5),Books,£31.63,£31.63,£0.00,In stock (4 available),0
Harry Potter and the Chamber of Secrets (Harry Potter #2),Books,£14.74,£14.74,£0.00,In stock (4 available),0
Gone with the Wind,Books,£32.49,£32.49,£0.00,In stock (4 available),0
Harry Potter and the Prisoner of Azkaban (Harry Potter #3),Books,£24.17,£24.17,£0.00,In stock (4 available),0
It,Books,£25.01,£25.01,£0.00,In stock (4 available),0
Little Women (Little Women #1),Books,£28.07,£28.07,£0.00,In stock (4 available),0
Misery,Books,£34.79,£34.79,£0.00,In stock (4 available),0
Needful Things,Books,£47.51,£47.51,£0.00,In stock (4 available),0
Mockingjay (The Hunger Games #3),Books,£20.44,£20.44,£0.00,In stock (4 available),0
Night Shift (Night Shift #1-20),Books,£12.75,£12.75,£0.00,In stock (4 available),0
Harry Potter and the Sorcerer's Stone (Harry Potter #1),Books,£13.90,£13.90,£0.00,In stock (4 available),0
No One Here Gets Out Alive,Books,£20.02,£20.02,£0.00,In stock (4 available),0
"Orchestra of Exiles: The Story of Bronislaw Huberman, the Israel Philharmonic, and the One Thousand Jews He Saved from Nazi Horrors",Books,£12.36,£12.36,£0.00,In stock (4 available),0
Outlander (Outlander #1),Books,£19.67,£19.67,£0.00,In stock (4 available),0
Paper and Fire (The Great Library #2),Books,£49.45,£49.45,£0.00,In stock (4 available),0
Shopaholic Ties the Knot (Shopaholic #3),Books,£48.39,£48.39,£0.00,In stock (4 available),0
The Barefoot Contessa Cookbook,Books,£59.92,£59.92,£0.00,In stock (6 available),0
Chernobyl 01:23:40: The Incredible True Story of the World's Worst Nuclear Disaster,Books,£35.92,£35.92,£0.00,In stock (9 available),0
Without Shame,Books,£48.27,£48.27,£0.00,In stock (9 available),0
We Are All Completely Beside Ourselves,Books,£24.04,£24.04,£0.00,In stock (3 available),0
We the People: The Modern-Day Figures Who Have Reshaped and Affirmed the Founding Fathers' Vision of America,Books,£31.95,£31.95,£0.00,In stock (3 available),0
"Where'd You Go, Bernadette",Books,£18.13,£18.13,£0.00,In stock (3 available),0
When You Are Engulfed in Flames,Books,£30.89,£30.89,£0.00,In stock (3 available),0
Wild: From Lost to Found on the Pacific Crest Trail,Books,£46.02,£46.02,£0.00,In stock (3 available),0
World War Z: An Oral History of the Zombie War,Books,£21.80,£21.80,£0.00,In stock (3 available),0
Wuthering Heights,Books,£17.73,£17.73,£0.00,In stock (3 available),0
Zero History (Blue Ant #3),Books,£34.77,£34.77,£0.00,In stock (3 available),0
'Salem's Lot,Books,£49.56,£49.56,£0.00,In stock (4 available),0
"A History of God: The 4,000-Year Quest of Judaism, Christianity, and Islam",Books,£27.62,£27.62,£0.00,In stock (4 available),0
Animal Farm,Books,£57.22,£57.22,£0.00,In stock (4 available),0
A New Earth: Awakening to Your Life's Purpose,Books,£55.65,£55.65,£0.00,In stock (4 available),0
A Walk to Remember,Books,£56.43,£56.43,£0.00,In stock (4 available),0
Atlas Shrugged,Books,£26.58,£26.58,£0.00,In stock (4 available),0
Candide,Books,£58.63,£58.63,£0.00,In stock (4 available),0
Can You Keep a Secret?,Books,£21.94,£21.94,£0.00,In stock (4 available),0
Changing the Game (Play by Play #2),Books,£13.38,£13.38,£0.00,In stock (4 available),0
The Wild Robot,Books,£56.07,£56.07,£0.00,In stock (3 available),0
The Thing About Jellyfish,Books,£48.77,£48.77,£0.00,In stock (3 available),0
The Stand,Books,£57.86,£57.86,£0.00,In stock (3 available),0
The Smitten Kitchen Cookbook,Books,£23.59,£23.59,£0.00,In stock (3 available),0
The Travelers,Books,£15.77,£15.77,£0.00,In stock (3 available),0
The Tipping Point: How Little Things Can Make a Big Difference,Books,£10.02,£10.02,£0.00,In stock (3 available),0
The Undomestic Goddess,Books,£45.75,£45.75,£0.00,In stock (3 available),0
"The Wicked + The Divine, Vol. 3: Commercial Suicide (The Wicked + The Divine)",Books,£14.41,£14.41,£0.00,In stock (3 available),0
Twenties Girl,Books,£42.80,£42.80,£0.00,In stock (3 available),0
"Trespassing Across America: One Man's Epic, Never-Done-Before (and Sort of Illegal) Hike Across the Heartland",Books,£53.51,£53.51,£0.00,In stock (3 available),0
Three-Martini Lunch,Books,£23.21,£23.21,£0.00,In stock (3 available),0
Twilight (Twilight #1),Books,£41.93,£41.93,£0.00,In stock (3 available),0
Two Boys Kissing,Books,£32.74,£32.74,£0.00,In stock (3 available),0
"Thinking, Fast and Slow",Books,£21.14,£21.14,£0.00,In stock (3 available),0
Under the Banner of Heaven: A Story of Violent Faith,Books,£30.00,£30.00,£0.00,In stock (3 available),0
"Unstuffed: Decluttering Your Home, Mind, and Soul",Books,£58.09,£58.09,£0.00,In stock (3 available),0
Very Good Lives: The Fringe Benefits of Failure and the Importance of Imagination,Books,£50.66,£50.66,£0.00,In stock (3 available),0
Voyager (Outlander #3),Books,£21.07,£21.07,£0.00,In stock (3 available),0
Vegan Vegetarian Omnivore: Dinner for Everyone at the Table,Books,£13.66,£13.66,£0.00,In stock (3 available),0
Walk the Edge (Thunder Road #2),Books,£32.36,£32.36,£0.00,In stock (3 available),0
The Lover's Dictionary,Books,£58.09,£58.09,£0.00,In stock (3 available),0
The Lonely Ones,Books,£43.59,£43.59,£0.00,In stock (3 available),0
The Maze Runner (The Maze Runner #1),Books,£20.93,£20.93,£0.00,In stock (3 available),0
The New Guy (and Other Senior Year Distractions),Books,£44.92,£44.92,£0.00,In stock (3 available),0
The Name of God is Mercy,Books,£37.25,£37.25,£0.00,In stock (3 available),0
The Nanny Diaries (Nanny #1),Books,£52.53,£52.53,£0.00,In stock (3 available),0
The Nightingale,Books,£26.26,£26.26,£0.00,In stock (3 available),0
The Obsession,Books,£45.43,£45.43,£0.00,In stock (3 available),0
The Purest Hook (Second Circle Tattoos #3),Books,£12.25,£12.25,£0.00,In stock (3 available),0
The Paris Wife,Books,£36.80,£36.80,£0.00,In stock (3 available),0
The Picture of Dorian Gray,Books,£29.70,£29.70,£0.00,In stock (3 available),0
The Purpose Driven Life: What on Earth Am I Here for?,Books,£37.19,£37.19,£0.00,In stock (3 available),0
The Red Tent,Books,£35.66,£35.66,£0.00,In stock (3 available),0
The Rest Is Noise: Listening to the Twentieth Century,Books,£34.77,£34.77,£0.00,In stock (3 available),0
The Restaurant at the End of the Universe (Hitchhiker's Guide to the Galaxy #2),Books,£10.92,£10.92,£0.00,In stock (3 available),0
The Rise of Theodore Roosevelt (Theodore Roosevelt #1),Books,£42.57,£42.57,£0.00,In stock (3 available),0
The Road to Little Dribbling: Adventures of an American in Britain (Notes From a Small Island #2),Books,£23.21,£23.21,£0.00,In stock (3 available),0
The Silkworm (Cormoran Strike #2),Books,£23.05,£23.05,£0.00,In stock (3 available),0
The Rose & the Dagger (The Wrath and the Dawn #2),Books,£58.64,£58.64,£0.00,In stock (3 available),0
"The Sandman, Vol. 3: Dream Country (The Sandman (volumes) #3)",Books,£55.55,£55.55,£0.00,In stock (3 available),0
Dark Lover (Black Dagger Brotherhood #1),Books,£12.87,£12.87,£0.00,In stock (4 available),0
Confessions of a Shopaholic (Shopaholic #1),Books,£48.94,£48.94,£0.00,In stock (4 available),0
The Day the Crayons Came Home (Crayons),Books,£26.33,£26.33,£0.00,In stock (3 available),0
The Demon-Haunted World: Science as a Candle in the Dark,Books,£52.25,£52.25,£0.00,In stock (3 available),0
The Devil Wears Prada (The Devil Wears Prada #1),Books,£44.29,£44.29,£0.00,In stock (3 available),0
"The Disappearing Spoon: And Other True Tales of Madness, Love, and the History of the World from the Periodic Table of the Elements",Books,£57.35,£57.35,£0.00,In stock (3 available),0
"The Elegant Universe: Superstrings, Hidden Dimensions, and the Quest for the Ultimate Theory",Books,£13.03,£13.03,£0.00,In stock (3 available),0
"The End of Faith: Religion, Terror, and the Future of Reason",Books,£22.13,£22.13,£0.00,In stock (3 available),0
The Exiled,Books,£43.45,£43.45,£0.00,In stock (3 available),0
The Girl Who Played with Fire (Millennium Trilogy #2),Books,£22.14,£22.14,£0.00,In stock (3 available),0
The Girl Who Kicked the Hornet's Nest (Millennium Trilogy #3),Books,£57.48,£57.48,£0.00,In stock (3 available),0
The Girl with All the Gifts,Books,£49.47,£49.47,£0.00,In stock (3 available),0
The Giver (The Giver Quartet #1),Books,£12.30,£12.30,£0.00,In stock (3 available),0
The Goldfinch,Books,£43.58,£43.58,£0.00,In stock (3 available),0
The Guernsey Literary and Potato Peel Pie Society,Books,£49.53,£49.53,£0.00,In stock (3 available),0
The Guns of August,Books,£14.54,£14.54,£0.00,In stock (3 available),0
The Hitchhiker's Guide to the Galaxy (Hitchhiker's Guide to the Galaxy #1),Books,£47.80,£47.80,£0.00,In stock (3 available),0
The Husband's Secret,Books,£52.51,£52.51,£0.00,In stock (3 available),0
"The Land of 10,000 Madonnas",Books,£29.64,£29.64,£0.00,In stock (3 available),0
The Infinities,Books,£27.41,£27.41,£0.00,In stock (3 available),0
The Last Painting of Sara de Vos,Books,£55.55,£55.55,£0.00,In stock (3 available),0
Far From True (Promise Falls Trilogy #2),Books,£34.93,£34.93,£0.00,In stock (4 available),0
Shopaholic & Baby (Shopaholic #5),Books,£46.45,£46.45,£0.00,In stock (3 available),0
Something Blue (Darcy & Rachel #2),Books,£54.62,£54.62,£0.00,In stock (3 available),0
Something Borrowed (Darcy & Rachel #1),Books,£48.96,£48.96,£0.00,In stock (3 available),0
Soldier (Talon #3),Books,£24.72,£24.72,£0.00,In stock (3 available),0
The Lean Startup: How Today's Entrepreneurs Use Continuous Innovation to Create Radically Successful Businesses,Books,£33.92,£33.92,£0.00,In stock (3 available),0
Spilled Milk: Based on a True Story,Books,£49.51,£49.51,£0.00,In stock (3 available),0
Stiff: The Curious Lives of Human Cadavers,Books,£36.74,£36.74,£0.00,In stock (3 available),0
The Art of Fielding,Books,£22.10,£22.10,£0.00,In stock (3 available),0
"Surely You're Joking, Mr. Feynman!: Adventures of a Curious Character",Books,£25.83,£25.83,£0.00,In stock (3 available),0
"The Art of Simple Food: Notes, Lessons, and Recipes from a Delicious Revolution",Books,£34.32,£34.32,£0.00,In stock (3 available),0
The Book Thief,Books,£53.49,£53.49,£0.00,In stock (3 available),0
The Autobiography of Malcolm X,Books,£23.43,£23.43,£0.00,In stock (3 available),0
The Blind Side: Evolution of a Game,Books,£53.71,£53.71,£0.00,In stock (3 available),0
The Book of Basketball: The NBA According to The Sports Guy,Books,£44.84,£44.84,£0.00,In stock (3 available),0
The Case for Christ (Cases for Christianity),Books,£47.84,£47.84,£0.00,In stock (3 available),0
The Cat in the Hat (Beginner Books B-1),Books,£16.26,£16.26,£0.00,In stock (3 available),0
The Catcher in the Rye,Books,£24.55,£24.55,£0.00,In stock (3 available),0
The Complete Stories and Poems (The Works of Edgar Allan Poe [Cameo Edition]),Books,£26.78,£26.78,£0.00,In stock (3 available),0
One for the Money (Stephanie Plum #1),Books,£32.87,£32.87,£0.00,In stock (3 available),0
The Complete Poems,Books,£41.32,£41.32,£0.00,In stock (3 available),0
The Cuckoo's Calling (Cormoran Strike #1),Books,£19.21,£19.21,£0.00,In stock (3 available),0
Orange Is the New Black,Books,£24.61,£24.61,£0.00,In stock (3 available),0
Original Fake,Books,£31.45,£31.45,£0.00,In stock (3 available),0
Outliers: The Story of Success,Books,£14.16,£14.16,£0.00,In stock (3 available),0
Packing for Mars: The Curious Science of Life in the Void,Books,£56.68,£56.68,£0.00,In stock (3 available),0
Persepolis: The Story of a Childhood (Persepolis #1-2),Books,£39.13,£39.13,£0.00,In stock (3 available),0
Prodigy: The Graphic Novel (Legend: The Graphic Novel #2),Books,£43.63,£43.63,£0.00,In stock (3 available),0
Quiet: The Power of Introverts in a World That Can't Stop Talking,Books,£43.55,£43.55,£0.00,In stock (3 available),0
Ready Player One,Books,£19.07,£19.07,£0.00,In stock (3 available),0
Red: The True Story of Red Riding Hood,Books,£28.54,£28.54,£0.00,In stock (3 available),0
Reservations for Two,Books,£11.10,£11.10,£0.00,In stock (3 available),0
Rework,Books,£44.88,£44.88,£0.00,In stock (3 available),0
"Rise of the Rocket Girls: The Women Who Propelled Us, from Missiles to the Moon to Mars",Books,£41.67,£41.67,£0.00,In stock (3 available),0
Rogue Lawyer (Rogue Lawyer #1),Books,£50.11,£50.11,£0.00,In stock (3 available),0
Running with Scissors,Books,£12.91,£12.91,£0.00,In stock (3 available),0
"Saga, Volume 3 (Saga (Collected Editions) #3)",Books,£21.57,£21.57,£0.00,In stock (3 available),0
Scarlet (The Lunar Chronicles #2),Books,£14.57,£14.57,£0.00,In stock (3 available),0
Sarah's Key,Books,£46.29,£46.29,£0.00,In stock (3 available),0
Seven Brief Lessons on Physics,Books,£30.60,£30.60,£0.00,In stock (3 available),0
"Lamb: The Gospel According to Biff, Christ's Childhood Pal",Books,£55.50,£55.50,£0.00,In stock (3 available),0
Legend (Legend #1),Books,£43.69,£43.69,£0.00,In stock (3 available),0
Lady Renegades (Rebel Belle #3),Books,£53.04,£53.04,£0.00,In stock (3 available),0
"Lean In: Women, Work, and the Will to Lead",Books,£25.02,£25.02,£0.00,In stock (3 available),0
Letter to a Christian Nation,Books,£22.20,£22.20,£0.00,In stock (3 available),0
Life After Life,Books,£26.13,£26.13,£0.00,In stock (3 available),0
Lust & Wonder,Books,£11.87,£11.87,£0.00,In stock (3 available),0
Life Without a Recipe,Books,£59.04,£59.04,£0.00,In stock (3 available),0
Manuscript Found in Accra,Books,£34.98,£34.98,£0.00,In stock (3 available),0
"Life, the Universe and Everything (Hitchhiker's Guide to the Galaxy #3)",Books,£33.26,£33.26,£0.00,In stock (3 available),0
Lila (Gilead #3),Books,£12.47,£12.47,£0.00,In stock (3 available),0
Me Talk Pretty One Day,Books,£57.60,£57.60,£0.00,In stock (3 available),0
Midnight Riot (Peter Grant/ Rivers of London - books #1),Books,£55.46,£55.46,£0.00,In stock (3 available),0
Morning Star (Red Rising #3),Books,£29.40,£29.40,£0.00,In stock (3 available),0
Neither Here nor There: Travels in Europe,Books,£38.95,£38.95,£0.00,In stock (3 available),0
Naked,Books,£31.69,£31.69,£0.00,In stock (3 available),0
"Miracles from Heaven: A Little Girl, Her Journey to Heaven, and Her Amazing Story of Healing",Books,£57.83,£57.83,£0.00,In stock (3 available),0
Let's Pretend This Never Happened: A Mostly True Memoir,Books,£45.11,£45.11,£0.00,In stock (3 available),0
Night (The Night Trilogy #1),Books,£13.51,£13.51,£0.00,In stock (3 available),0
Notes from a Small Island (Notes From a Small Island #1),Books,£40.17,£40.17,£0.00,In stock (3 available),0
Seven Days in the Art World,Books,£52.33,£52.33,£0.00,In stock (3 available),0
Green Eggs and Ham (Beginner Books B-16),Books,£10.79,£10.79,£0.00,In stock (3 available),0
Golden (Heart of Dread #3),Books,£42.21,£42.21,£0.00,In stock (3 available),0
Gone Girl,Books,£37.60,£37.60,£0.00,In stock (3 available),0
Gratitude,Books,£26.66,£26.66,£0.00,In stock (3 available),0
"Grayson, Vol 3: Nemesis (Grayson #3)",Books,£42.72,£42.72,£0.00,In stock (3 available),0
Heir to the Sky,Books,£44.07,£44.07,£0.00,In stock (3 available),0
Holidays on Ice,Books,£51.07,£51.07,£0.00,In stock (3 available),0
Horrible Bear!,Books,£37.52,£37.52,£0.00,In stock (3 available),0
House of Leaves,Books,£54.89,£54.89,£0.00,In stock (3 available),0
"House of Lost Worlds: Dinosaurs, Dynasties, and the Story of Life on Earth",Books,£43.70,£43.70,£0.00,In stock (3 available),0
Hungry Girl Clean & Hungry: Easy All-Natural Recipes for Healthy Eating in the Real World,Books,£33.14,£33.14,£0.00,In stock (3 available),0
I've Got Your Number,Books,£19.69,£19.69,£0.00,In stock (3 available),0
I Am Malala: The Girl Who Stood Up for Education and Was Shot by the Taliban,Books,£28.88,£28.88,£0.00,In stock (3 available),0
If I Run (If I Run #1),Books,£49.97,£49.97,£0.00,In stock (3 available),0
"In the Garden of Beasts: Love, Terror, and an American Family in Hitler's Berlin",Books,£28.85,£28.85,£0.00,In stock (3 available),0
Inferno (Robert Langdon #4),Books,£41.00,£41.00,£0.00,In stock (3 available),0
Into the Wild,Books,£56.70,£56.70,£0.00,In stock (3 available),0
Jurassic Park (Jurassic Park #1),Books,£44.97,£44.97,£0.00,In stock (3 available),0
Is Everyone Hanging Out Without Me? (And Other Concerns),Books,£20.11,£20.11,£0.00,In stock (3 available),0
It's Never Too Late to Begin Again: Discovering Creativity and Meaning at Midlife and Beyond,Books,£42.38,£42.38,£0.00,In stock (3 available),0
The Da Vinci Code (Robert Langdon #2),Books,£22.96,£22.96,£0.00,In stock (3 available),0
Hide Away (Eve Duncan #20),Books,£11.84,£11.84,£0.00,In stock (12 available),0
Disrupted: My Misadventure in the Start-Up Bubble,Books,£15.28,£15.28,£0.00,In stock (3 available),0
Cosmos,Books,£36.17,£36.17,£0.00,In stock (3 available),0
Dark Places,Books,£23.90,£23.90,£0.00,In stock (3 available),0
Counting Thyme,Books,£10.62,£10.62,£0.00,In stock (3 available),0
Crazy Rich Asians (Crazy Rich Asians #1),Books,£49.13,£49.13,£0.00,In stock (3 available),0
Darkfever (Fever #1),Books,£56.02,£56.02,£0.00,In stock (3 available),0
"David and Goliath: Underdogs, Misfits, and the Art of Battling Giants",Books,£17.81,£17.81,£0.00,In stock (3 available),0
Dead Wake: The Last Crossing of the Lusitania,Books,£39.24,£39.24,£0.00,In stock (3 available),0
Do Androids Dream of Electric Sheep? (Blade Runner #1),Books,£51.48,£51.48,£0.00,In stock (3 available),0
Dune (Dune #1),Books,£54.86,£54.86,£0.00,In stock (3 available),0
Dracula,Books,£52.62,£52.62,£0.00,In stock (3 available),0
Eclipse (Twilight #3),Books,£18.74,£18.74,£0.00,In stock (3 available),0
Eragon (The Inheritance Cycle #1),Books,£43.87,£43.87,£0.00,In stock (3 available),0
Extreme Prey (Lucas Davenport #26),Books,£25.40,£25.40,£0.00,In stock (3 available),0
Fellside,Books,£38.62,£38.62,£0.00,In stock (3 available),0
Fifty Shades Freed (Fifty Shades #3),Books,£15.36,£15.36,£0.00,In stock (3 available),0
Fire Bound (Sea Haven/Sisters of the Heart #5),Books,£21.28,£21.28,£0.00,In stock (3 available),0
"Friday Night Lights: A Town, a Team, and a Dream",Books,£51.22,£51.22,£0.00,In stock (3 available),0
"Fruits Basket, Vol. 3 (Fruits Basket #3)",Books,£45.17,£45.17,£0.00,In stock (3 available),0
Girl in the Blue Coat,Books,£46.83,£46.83,£0.00,In stock (3 available),0
All the Light We Cannot See,Books,£29.87,£29.87,£0.00,In stock (14 available),0
What's It Like in Space?: Stories from Astronauts Who've Been There,Books,£19.60,£19.60,£0.00,In stock (14 available),0
Code Name Verity (Code Name Verity #1),Books,£22.13,£22.13,£0.00,In stock (14 available),0
Are We Smart Enough to Know How Smart Animals Are?,Books,£56.58,£56.58,£0.00,In stock (3 available),0
Are We There Yet?,Books,£10.66,£10.66,£0.00,In stock (3 available),0
Ash,Books,£22.06,£22.06,£0.00,In stock (3 available),0
Beautiful Creatures (Caster Chronicles #1),Books,£21.55,£21.55,£0.00,In stock (3 available),0
Awkward,Books,£38.02,£38.02,£0.00,In stock (3 available),0
Beowulf,Books,£38.35,£38.35,£0.00,In stock (3 available),0
Best of My Love (Fool's Gold #20),Books,£27.41,£27.41,£0.00,In stock (3 available),0
Between Shades of Gray,Books,£20.79,£20.79,£0.00,In stock (3 available),0
"Black Butler, Vol. 1 (Black Butler #1)",Books,£49.31,£49.31,£0.00,In stock (3 available),0
Big Little Lies,Books,£22.11,£22.11,£0.00,In stock (3 available),0
Black Flags: The Rise of ISIS,Books,£40.87,£40.87,£0.00,In stock (3 available),0
Blink: The Power of Thinking Without Thinking,Books,£21.74,£21.74,£0.00,In stock (3 available),0
Boy Meets Boy,Books,£21.12,£21.12,£0.00,In stock (3 available),0
"Born to Run: A Hidden Tribe, Superathletes, and the Greatest Race the World Has Never Seen",Books,£27.35,£27.35,£0.00,In stock (3 available),0
Brave Enough,Books,£51.32,£51.32,£0.00,In stock (3 available),0
Breaking Dawn (Twilight #4),Books,£35.28,£35.28,£0.00,In stock (3 available),0
Career of Evil (Cormoran Strike #3),Books,£24.72,£24.72,£0.00,In stock (3 available),0
Cinder (The Lunar Chronicles #1),Books,£26.09,£26.09,£0.00,In stock (3 available),0
Catastrophic Happiness: Finding Joy in Childhood's Messy Years,Books,£37.35,£37.35,£0.00,In stock (3 available),0
Civilization and Its Discontents,Books,£59.95,£59.95,£0.00,In stock (3 available),0
Girl Online On Tour (Girl Online #2),Books,£53.47,£53.47,£0.00,In stock (2 available),0
H is for Hawk,Books,£57.42,£57.42,£0.00,In stock (2 available),0
Kindle Paperwhite User's Guide,Books,£34.00,£34.00,£0.00,In stock (2 available),0
Life,Books,£31.58,£31.58,£0.00,In stock (2 available),0
New Moon (Twilight #2),Books,£12.86,£12.86,£0.00,In stock (2 available),0
"Run, Spot, Run: The Ethics of Keeping Pets",Books,£20.02,£20.02,£0.00,In stock (2 available),0
"Saga, Volume 2 (Saga (Collected Editions) #2)",Books,£11.75,£11.75,£0.00,In stock (2 available),0
"The Sandman, Vol. 2: The Doll's House (The Sandman (volumes) #2)",Books,£54.81,£54.81,£0.00,In stock (2 available),0
Sugar Rush (Offensive Line #2),Books,£24.42,£24.42,£0.00,In stock (2 available),0
The Course of Love,Books,£16.78,£16.78,£0.00,In stock (2 available),0
The Sense of an Ending,Books,£31.38,£31.38,£0.00,In stock (2 available),0
"The Suffragettes (Little Black Classics, #96)",Books,£11.89,£11.89,£0.00,In stock (2 available),0
#GIRLBOSS,Books,£50.96,£50.96,£0.00,In stock (3 available),0
8 Keys to Mental Health Through Exercise,Books,£31.04,£31.04,£0.00,In stock (3 available),0
A Storm of Swords (A Song of Ice and Fire #3),Books,£31.22,£31.22,£0.00,In stock (3 available),0
A Heartbreaking Work of Staggering Genius,Books,£54.29,£54.29,£0.00,In stock (3 available),0
A Visit from the Goon Squad,Books,£14.08,£14.08,£0.00,In stock (3 available),0
A Walk in the Woods: Rediscovering America on the Appalachian Trail,Books,£30.48,£30.48,£0.00,In stock (3 available),0
And Then There Were None,Books,£35.01,£35.01,£0.00,In stock (3 available),0
The Selfish Gene,Books,£29.45,£29.45,£0.00,In stock (1 available),0
The Silent Twin (Detective Jennifer Knight #3),Books,£36.25,£36.25,£0.00,In stock (1 available),0
The Silent Wife,Books,£12.34,£12.34,£0.00,In stock (1 available),0
The Story of Hong Gildong,Books,£43.19,£43.19,£0.00,In stock (1 available),0
"The Wicked + The Divine, Vol. 1: The Faust Act (The Wicked + The Divine)",Books,£36.52,£36.52,£0.00,In stock (1 available),0
The Zombie Room,Books,£19.69,£19.69,£0.00,In stock (1 available),0
The Tumor,Books,£41.56,£41.56,£0.00,In stock (1 available),0
This One Moment (Pushing Limits #1),Books,£48.71,£48.71,£0.00,In stock (1 available),0
Three Wishes (River of Time: California #1),Books,£44.18,£44.18,£0.00,In stock (1 available),0
Twenty Love Poems and a Song of Despair,Books,£30.95,£30.95,£0.00,In stock (1 available),0
Travels with Charley: In Search of America,Books,£57.82,£57.82,£0.00,In stock (1 available),0
Vampire Girl (Vampire Girl #1),Books,£53.82,£53.82,£0.00,In stock (1 available),0
Ways of Seeing,Books,£39.51,£39.51,£0.00,In stock (1 available),0
Where Lightning Strikes (Bleeding Stars #3),Books,£39.77,£39.77,£0.00,In stock (1 available),0
When I'm Gone,Books,£51.96,£51.96,£0.00,In stock (1 available),0
"Vampire Knight, Vol. 1 (Vampire Knight #1)",Books,£15.40,£15.40,£0.00,In stock (1 available),0
While You Were Mine,Books,£41.32,£41.32,£0.00,In stock (1 available),0
Diary of a Minecraft Zombie Book 1: A Scare of a Dare (An Unofficial Minecraft Book),Books,£52.88,£52.88,£0.00,In stock (2 available),0
"Y: The Last Man, Vol. 1: Unmanned (Y: The Last Man #1)",Books,£18.51,£18.51,£0.00,In stock (1 available),0
"Fruits Basket, Vol. 2 (Fruits Basket #2)",Books,£11.64,£11.64,£0.00,In stock (2 available),0
The Communist Manifesto,Books,£14.76,£14.76,£0.00,In stock (1 available),0
The End of the Jesus Era (An Investigation #1),Books,£14.40,£14.40,£0.00,In stock (1 available),0
The Complete Maus (Maus #1-2),Books,£10.64,£10.64,£0.00,In stock (1 available),0
The Edge of Reason (Bridget Jones #2),Books,£19.18,£19.18,£0.00,In stock (1 available),0
The Girl In The Ice (DCI Erika Foster #1),Books,£15.85,£15.85,£0.00,In stock (1 available),0
The Girl You Lost,Books,£12.29,£12.29,£0.00,In stock (1 available),0
The Haters,Books,£27.89,£27.89,£0.00,In stock (1 available),0
The Hook Up (Game On #1),Books,£36.29,£36.29,£0.00,In stock (1 available),0
The Iliad,Books,£16.16,£16.16,£0.00,In stock (1 available),0
The Last Girl (The Dominion Trilogy #1),Books,£36.26,£36.26,£0.00,In stock (1 available),0
The Light of the Fireflies,Books,£54.43,£54.43,£0.00,In stock (1 available),0
The Little Prince,Books,£45.42,£45.42,£0.00,In stock (1 available),0
The Mirror & the Maze (The Wrath and the Dawn #1.5),Books,£29.38,£29.38,£0.00,In stock (1 available),0
The Name of the Wind (The Kingkiller Chronicle #1),Books,£50.59,£50.59,£0.00,In stock (1 available),0
The Nicomachean Ethics,Books,£36.34,£36.34,£0.00,In stock (1 available),0
The No. 1 Ladies' Detective Agency (No. 1 Ladies' Detective Agency #1),Books,£57.70,£57.70,£0.00,In stock (1 available),0
The Odyssey,Books,£29.64,£29.64,£0.00,In stock (1 available),0
The Republic,Books,£33.78,£33.78,£0.00,In stock (1 available),0
"The Sandman, Vol. 1: Preludes and Nocturnes (The Sandman (volumes) #1)",Books,£54.12,£54.12,£0.00,In stock (1 available),0
The Secret Healer,Books,£34.56,£34.56,£0.00,In stock (1 available),0
One Second (Seven #7),Books,£52.94,£52.94,£0.00,In stock (1 available),0
Origins (Alphas 0.5),Books,£28.99,£28.99,£0.00,In stock (1 available),0
"Ouran High School Host Club, Vol. 1 (Ouran High School Host Club #1)",Books,£29.87,£29.87,£0.00,In stock (1 available),0
"Paper Girls, Vol. 1 (Paper Girls #1-5)",Books,£21.71,£21.71,£0.00,In stock (1 available),0
Paradise Lost (Paradise #1),Books,£24.96,£24.96,£0.00,In stock (1 available),0
"Rat Queens, Vol. 1: Sass & Sorcery (Rat Queens (Collected Editions) #1-5)",Books,£46.96,£46.96,£0.00,In stock (1 available),0
"Saga, Volume 1 (Saga (Collected Editions) #1)",Books,£28.48,£28.48,£0.00,In stock (1 available),0
"Rhythm, Chord & Malykhin",Books,£28.34,£28.34,£0.00,In stock (1 available),0
Sense and Sensibility,Books,£37.46,£37.46,£0.00,In stock (1 available),0
Settling the Score (The Summer Games #1),Books,£44.91,£44.91,£0.00,In stock (1 available),0
Shadow Rites (Jane Yellowrock #10),Books,£21.72,£21.72,£0.00,In stock (1 available),0
Shatter Me (Shatter Me #1),Books,£42.40,£42.40,£0.00,In stock (1 available),0
Shameless,Books,£58.35,£58.35,£0.00,In stock (1 available),0
"Skip Beat!, Vol. 01 (Skip Beat! #1)",Books,£42.12,£42.12,£0.00,In stock (1 available),0
Sister Sable (The Mad Queen #1),Books,£13.33,£13.33,£0.00,In stock (1 available),0
The Art of Not Breathing,Books,£40.83,£40.83,£0.00,In stock (1 available),0
Starlark,Books,£25.83,£25.83,£0.00,In stock (1 available),0
Taking Shots (Assassins #1),Books,£18.88,£18.88,£0.00,In stock (1 available),0
The Bhagavad Gita,Books,£57.49,£57.49,£0.00,In stock (1 available),0
Annie on My Mind,Books,£36.83,£36.83,£0.00,In stock (3 available),0
The Bette Davis Club,Books,£30.66,£30.66,£0.00,In stock (1 available),0
"Fruits Basket, Vol. 1 (Fruits Basket #1)",Books,£40.28,£40.28,£0.00,In stock (1 available),0
"Giant Days, Vol. 1 (Giant Days #1-4)",Books,£56.76,£56.76,£0.00,In stock (1 available),0
Having the Barbarian's Baby (Ice Planet Barbarians #7.5),Books,£34.96,£34.96,£0.00,In stock (1 available),0
"Hawkeye, Vol. 1: My Life as a Weapon (Hawkeye #1)",Books,£45.24,£45.24,£0.00,In stock (1 available),0
Imperfect Harmony,Books,£34.74,£34.74,£0.00,In stock (1 available),0
Icing (Aces Hockey #2),Books,£40.44,£40.44,£0.00,In stock (1 available),0
Jane Eyre,Books,£38.43,£38.43,£0.00,In stock (1 available),0
Kitchens of the Great Midwest,Books,£57.20,£57.20,£0.00,In stock (1 available),0
Lost Among the Living,Books,£27.70,£27.70,£0.00,In stock (1 available),0
Listen to Me (Fusion #1),Books,£58.99,£58.99,£0.00,In stock (1 available),0
Lord of the Flies,Books,£24.89,£24.89,£0.00,In stock (1 available),0
Meditations,Books,£25.89,£25.89,£0.00,In stock (1 available),0
Matilda,Books,£28.34,£28.34,£0.00,In stock (1 available),0
"Ms. Marvel, Vol. 1: No Normal (Ms. Marvel (2014-2015) #1)",Books,£39.39,£39.39,£0.00,In stock (1 available),0
My Perfect Mistake (Over the Top #1),Books,£38.92,£38.92,£0.00,In stock (1 available),0
Myriad (Prentor #1),Books,£58.75,£58.75,£0.00,In stock (1 available),0
Of Mice and Men,Books,£47.11,£47.11,£0.00,In stock (1 available),0
On the Road (Duluoz Legend),Books,£32.36,£32.36,£0.00,In stock (1 available),0
Off Sides (Off #1),Books,£39.45,£39.45,£0.00,In stock (1 available),0
Old Records Never Die: One Man's Quest for His Vinyl and His Past,Books,£55.66,£55.66,£0.00,In stock (1 available),0
Whole Lotta Creativity Going On: 60 Fun and Unusual Exercises to Awaken and Strengthen Your Creativity,Books,£38.20,£38.20,£0.00,In stock (14 available),0
"1,000 Places to See Before You Die",Books,£26.08,£26.08,£0.00,In stock (1 available),0
1st to Die (Women's Murder Club #1),Books,£53.98,£53.98,£0.00,In stock (1 available),0
"Ajin: Demi-Human, Volume 1 (Ajin: Demi-Human #1)",Books,£57.06,£57.06,£0.00,In stock (1 available),0
A Spy's Devotion (The Regency Spies of London #1),Books,£16.97,£16.97,£0.00,In stock (1 available),0
Alice in Wonderland (Alice's Adventures in Wonderland #1),Books,£55.53,£55.53,£0.00,In stock (1 available),0
"Bleach, Vol. 1: Strawberry and the Soul Reapers (Bleach #1)",Books,£34.65,£34.65,£0.00,In stock (1 available),0
Beyond Good and Evil,Books,£43.38,£43.38,£0.00,In stock (1 available),0
Blood Defense (Samantha Brinkman #1),Books,£20.30,£20.30,£0.00,In stock (1 available),0
Bounty (Colorado Mountain #7),Books,£37.26,£37.26,£0.00,In stock (1 available),0
Bridget Jones's Diary (Bridget Jones #1),Books,£29.82,£29.82,£0.00,In stock (1 available),0
Bright Lines,Books,£39.07,£39.07,£0.00,In stock (1 available),0
Charity's Cross (Charles Towne Belles #4),Books,£41.24,£41.24,£0.00,In stock (1 available),0
Deep Under (Walker Security #1),Books,£47.09,£47.09,£0.00,In stock (1 available),0
Charlie and the Chocolate Factory (Charlie Bucket #1),Books,£22.85,£22.85,£0.00,In stock (1 available),0
Choosing Our Religion: The Spiritual Lives of America's Nones,Books,£28.42,£28.42,£0.00,In stock (1 available),0
Emma,Books,£32.93,£32.93,£0.00,In stock (1 available),0
Fighting Fate (Fighting #6),Books,£39.24,£39.24,£0.00,In stock (1 available),0
Forever Rockers (The Rocker #12),Books,£28.80,£28.80,£0.00,In stock (1 available),0
"Eat, Pray, Love",Books,£51.32,£51.32,£0.00,In stock (1 available),0
Frankenstein,Books,£38.00,£38.00,£0.00,In stock (1 available),0
